Title,Price,Bedrooms,Bathrooms,Area,Location,Property_Type,URL,Page
"1 Bedroom Apartment For Rent Ruwi, Muscat",OMR150,1,1,70 Sq. M.,"Ruwi, Muscat",Apartment,https://www.bayut.om/en/property/details-130120536.html,1
"1 Bedroom Apartment For Rent Al Hail, Muscat",OMR300,1,2,100 Sq. M.,"Al Hail, Muscat",Apartment,https://www.bayut.om/en/property/details-130279761.html,1
"3 Bedrooms Villa For Rent Qurum, Muscat",OMR750,3,4,300 Sq. M.,"Qurum, Muscat",Villa,https://www.bayut.om/en/property/details-129945405.html,1
"1 Bedroom Apartment For Rent in Ruwi, Muscat",OMR150,1,2,68 Sq. M.,"Ruwi, Muscat",Apartment,https://www.bayut.om/en/property/details-129950997.html,1
"2 Bedroom Chalet For Rent in Barka, Al Batinah",OMR50,2,6,"3,000 Sq. M.","Barka, Al Batinah",Other,https://www.bayut.om/en/property/details-129416377.html,1
"1 Bedroom Apartment For Rent in Muscat Hills, Muscat",OMR499,1,2,88 Sq. M.,"Muscat Hills, Muscat",Apartment,https://www.bayut.om/en/property/details-130012461.html,1
"6 Bedroom Villa For Rent Qurum, Muscat",OMR650,6,7,300 Sq. M.,"Qurum, Muscat",Villa,https://www.bayut.om/en/property/details-129875446.html,1
2 Bedroom Apartment For Rent Muscat (The Wave (Almouj)),OMR850,2,2,10 Sq. M.,N/A,Apartment,https://www.bayut.om/en/property/details-129759791.html,1
"3 Bedrooms Villa For Rent Bosher, Muscat",OMR850,3,5,300 Sq. M.,"Bosher, Muscat",Villa,https://www.bayut.om/en/property/details-129636952.html,1
"4 Bedroom Villa For Rent in Bosher, Muscat",OMR850,4,5,245 Sq. M.,"Bosher, Muscat",Villa,https://www.bayut.om/en/property/details-129941716.html,1
"2 Bedrooms Apartment For Rent Al Ghubrah, Muscat",OMR500,2,2,120 Sq. M.,"Al Ghubrah, Muscat",Apartment,https://www.bayut.om/en/property/details-129061175.html,1
"2 Bedrooms Apartment For Rent Bosher, Muscat",OMR250,2,2,100 Sq. M.,"Bosher, Muscat",Apartment,https://www.bayut.om/en/property/details-129148541.html,1
"2 Bedroom Apartment For Rent Bosher, Muscat",OMR495,2,2,109 Sq. M.,"Bosher, Muscat",Apartment,https://www.bayut.om/en/property/details-129792845.html,1
"1 Bedroom Apartment For Rent Madinat As Sultan Qaboos, Muscat",OMR360,1,1,100 Sq. M.,N/A,Apartment,https://www.bayut.om/en/property/details-130250511.html,1
"2 Bedrooms Apartment For Rent Al Khuwair, Muscat",OMR270,2,2,105 Sq. M.,"Al Khuwair, Muscat",Apartment,https://www.bayut.om/en/property/details-130195149.html,1
"4 Bedrooms Villa For Rent Madinat As Sultan Qaboos, Muscat",OMR950,4,5,300 Sq. M.,N/A,Villa,https://www.bayut.om/en/property/details-130188313.html,1
"2 Bedrooms Apartment For Rent in Al Hamriyah, Muscat",OMR250,2,3,100 Sq. M.,"Al Hamriyah, Muscat",Apartment,https://www.bayut.om/en/property/details-129943854.html,1
"2 Bedrooms Apartment For Rent Al Wadi Al Kabir, Muscat",OMR230,2,2,100 Sq. M.,"Al Wadi Al Kabir, Muscat",Apartment,https://www.bayut.om/en/property/details-107345769.html,1
"2 Bedrooms Apartment For Rent Al Mawaleh, Muscat",OMR250,2,3,100 Sq. M.,"Al Mawaleh, Muscat",Apartment,https://www.bayut.om/en/property/details-125399989.html,1
"1 Bedroom Apartment For Rent in Bosher, Muscat",OMR450,1,3,120 Sq. M.,"Al Ghubrah, Muscat",Apartment,https://www.bayut.om/en/property/details-128608235.html,1
4 Bedrooms Villa For Rent Madinat As Sultan Qaboos Muscat,OMR800,4,5,700 Sq. M.,N/A,Villa,https://www.bayut.om/en/property/details-130250150.html,1
"5 Bedrooms Villa For Rent Qurum, Muscat","OMR1,000",5,6,450 Sq. M.,"Qurum, Muscat",Villa,https://www.bayut.om/en/property/details-129421978.html,1
"4 Bedrooms Villa For Rent Qurum, Muscat",OMR700,4,5,450 Sq. M.,"Qurum, Muscat",Villa,https://www.bayut.om/en/property/details-129421913.html,1
"3 Bedroom Villa For Rent in Qurum, Muscat","OMR1,800",3,5,350 Sq. M.,"Qurum, Muscat",Villa,https://www.bayut.om/en/property/details-128902142.html,1
4 Bedrooms Villa For Rent Qurum Muscat,"OMR2,600",4,5,648 Sq. M.,"Qurum, Muscat",Villa,https://www.bayut.om/en/property/details-128637506.html,2
"6 Bed Villa For Rent Bosher, Muscat",OMR950,6,6,650 Sq. M.,"Bosher, Muscat",Villa,https://www.bayut.om/en/property/details-129931937.html,2
"4 Bedrooms Apartment For Rent Al Mawaleh, Muscat",OMR450,4,4,359 Sq. M.,"Al Mawaleh, Muscat",Apartment,https://www.bayut.om/en/property/details-129863548.html,2
"2 Bedroom Apartment For Rent in Ruwi, Muscat",OMR180,2,2,166 Sq. M.,"Ruwi, Muscat",Apartment,https://www.bayut.om/en/property/details-130069893.html,2
"6-Bedroom Villa For Rent in Qurum, Muscat","OMR1,000",6,4,300 Sq. M.,"Qurum, Muscat",Villa,https://www.bayut.om/en/property/details-129983052.html,2
5 Bedrooms Villa For Rent Madinat As Sultan Qaboos Muscat,"OMR1,400",5,7,300 Sq. M.,N/A,Villa,https://www.bayut.om/en/property/details-129637320.html,2
2 Bedrooms Apartment For Rent Muscat (The Wave (Almouj)),"OMR1,150",2,3,109 Sq. M.,N/A,Apartment,https://www.bayut.om/en/property/details-130077493.html,2
"1 Bedroom Apartment For Rent Bosher, Muscat",OMR395,1,2,60 Sq. M.,"Bosher, Muscat",Apartment,https://www.bayut.om/en/property/details-130077520.html,2
"2 Bedroom Apartment For Rent in Ruwi, Muscat",OMR250,2,2,109 Sq. M.,"Ruwi, Muscat",Apartment,https://www.bayut.om/en/property/details-130077535.html,2
"6 Bedrooms Villa For Rent in Qurum, Muscat","OMR1,500",6,7,485 Sq. M.,"Qurum, Muscat",Villa,https://www.bayut.om/en/property/details-129524509.html,2
"6 Bedrooms Villa For Rent in Madinat As Sultan Qaboos, Muscat","OMR1,500",6,5,465 Sq. M.,"Madinat As Sultan Qaboos, Muscat",Villa,https://www.bayut.om/en/property/details-129866068.html,2
"6 Bedrooms Villa For Rent in Madinat As Sultan Qaboos, Muscat","OMR1,300",6,8,488 Sq. M.,"Madinat As Sultan Qaboos, Muscat",Villa,https://www.bayut.om/en/property/details-129938899.html,2
"5 Bedroom Villa For Rent in Qurum, Muscat",OMR800,5,5,399 Sq. M.,"Qurum, Muscat",Villa,https://www.bayut.om/en/property/details-129667987.html,2
"2 Bedroom Apartment For Rent in Madinat As Sultan Qaboos, Muscat",OMR700,2,3,300 Sq. M.,"Madinat As Sultan Qaboos, Muscat",Apartment,https://www.bayut.om/en/property/details-129274051.html,2
"2 Bedroom Apartment For Rent Ruwi, Muscat",OMR200,2,2,110 Sq. M.,"Ruwi, Muscat",Apartment,https://www.bayut.om/en/property/details-130175300.html,2
"2 Bedrooms Apartment For Rent in Muscat Hills, Muscat",OMR550,2,3,115 Sq. M.,"Muscat Hills, Muscat",Apartment,https://www.bayut.om/en/property/details-130247868.html,2
"2 Bedroom Apartment For Rent Muscat Hills, Muscat",OMR500,2,2,106 Sq. M.,"Muscat Hills, Muscat",Apartment,https://www.bayut.om/en/property/details-130174884.html,2
"4 Bedrooms Villa For Rent Al Hail, Muscat",OMR630,4,4,250 Sq. M.,"Al Hail, Muscat",Villa,https://www.bayut.om/en/property/details-129943575.html,2
"1 Bedroom Apartment For Rent Al Khuwair, Muscat",OMR225,1,2,59 Sq. M.,"Al Khuwair, Muscat",Apartment,https://www.bayut.om/en/property/details-129609720.html,2
"2 Bedrooms Apartment For Rent The Wave (Almouj), Muscat","OMR1,250",2,2,109 Sq. M.,N/A,Apartment,https://www.bayut.om/en/property/details-130068872.html,2
"4 Bedroom Villa For Rent Al Ghubrah, Muscat",OMR900,4,5,309 Sq. M.,"Al Ghubrah, Muscat",Villa,https://www.bayut.om/en/property/details-129419109.html,3
"1 Bedroom Apartment For Rent in Bosher, Muscat",OMR440,1,3,67 Sq. M.,"Bosher, Muscat",Apartment,https://www.bayut.om/en/property/details-129692789.html,3
3 Bedrooms Apartment For Rent Ruwi Muscat,OMR380,3,3,253 Sq. M.,"Ruwi, Muscat",Apartment,https://www.bayut.om/en/property/details-129693225.html,3
"2 Bedrooms Apartment For Rent Muscat Hills, Muscat",OMR950,2,2,10 Sq. M.,N/A,Apartment,https://www.bayut.om/en/property/details-127751341.html,3
"1 Bedroom Apartment For Rent in Al Khuwair, Muscat",OMR200,1,1,90 Sq. M.,"Al Khuwair, Muscat",Apartment,https://www.bayut.om/en/property/details-122073832.html,3
"3 Bedroom Villa For Rent in Bosher, Muscat",OMR850,3,4,297 Sq. M.,"Bosher, Muscat",Villa,https://www.bayut.om/en/property/details-129757608.html,3
"2 Bedrooms Apartment For Rent Al Ghubrah, Muscat",OMR625,2,3,112 Sq. M.,"Al Ghubrah, Muscat",Apartment,https://www.bayut.om/en/property/details-130077526.html,3
"2 Bedroom Apartment For Rent Ruwi, Muscat",OMR200,2,2,107 Sq. M.,"Ruwi, Muscat",Apartment,https://www.bayut.om/en/property/details-104717773.html,3
2 Bedrooms Apartment For Rent Al Seeb - Muscat,OMR190,2,3,78 Sq. M.,"Al Seeb, Muscat",Apartment,https://www.bayut.om/en/property/details-129204821.html,3
"3 Bedrooms Apartment For Rent Al Hail, Muscat",OMR350,3,3,138 Sq. M.,"Al Hail, Muscat",Apartment,https://www.bayut.om/en/property/details-128670205.html,3
"8 Bedroom Villa For Rent Madinat As Sultan Qaboos, Muscat","OMR2,500",8,9,500 Sq. M.,N/A,Villa,https://www.bayut.om/en/property/details-130163587.html,3
5 Bedrooms Villa For Rent Madinat As Sultan Qaboos Muscat,OMR599,5,5,300 Sq. M.,N/A,Villa,https://www.bayut.om/en/property/details-130243700.html,3
"5 Bedroom Villa For Rent in Al Hail, Muscat",OMR600,5,6,300 Sq. M.,"Al Hail, Muscat",Villa,https://www.bayut.om/en/property/details-130257497.html,3
"2 Bedroom Apartment For Rent in Al Ghubrah, Muscat",OMR400,2,2,105 Sq. M.,"Al Ghubrah, Muscat",Apartment,https://www.bayut.om/en/property/details-130252987.html,3
"5 Bedroom Villa For Rent in Azaiba, Muscat",OMR625,5,5,355 Sq. M.,"Azaiba, Muscat",Villa,https://www.bayut.om/en/property/details-129866013.html,3
"1 Bedroom Chalet For Rent in Al Mawaleh, Muscat",OMR50,1,1,200 Sq. M.,"Al Mawaleh, Muscat",Other,https://www.bayut.om/en/property/details-128920193.html,3
"4 Bedroom Villa For Rent in Qurum, Muscat",OMR950,4,5,235 Sq. M.,"Qurum, Muscat",Villa,https://www.bayut.om/en/property/details-130232999.html,3
"3 Bedroom Villa For Rent Qurum, Muscat",OMR750,3,4,300 Sq. M.,"Qurum, Muscat",Villa,https://www.bayut.om/en/property/details-129244666.html,3
"5 Bedroom Villa For Rent in Qurum, Muscat","OMR1,200",5,6,444 Sq. M.,"Qurum, Muscat",Villa,https://www.bayut.om/en/property/details-129524494.html,3
3 Bedrooms Villa For Rent Qurum Muscat,"OMR1,200",3,3,350 Sq. M.,"Qurum, Muscat",Villa,https://www.bayut.om/en/property/details-129274269.html,3
"1 Bedroom Apartment For Rent Al Ghubrah, Muscat",OMR180,1,1,85 Sq. M.,"Al Ghubrah, Muscat",Apartment,https://www.bayut.om/en/property/details-125077619.html,3
"4 Bedroom Villa For Rent Madinat As Sultan Qaboos, Muscat",OMR950,4,5,409 Sq. M.,N/A,Villa,https://www.bayut.om/en/property/details-130163999.html,3
2 Bedrooms Apartment For Rent Muscat (The Wave (Almouj)),"OMR1,200",2,3,109 Sq. M.,N/A,Apartment,https://www.bayut.om/en/property/details-130174005.html,3
1 Bedroom Apartment For Rent Muscat The Wave (Almouj),OMR600,1,2,63 Sq. M.,N/A,Apartment,https://www.bayut.om/en/property/details-130174072.html,3
"4 Bedroom Apartment For Rent in The Wave (Almouj), Muscat","OMR1,900",4,4,10 Sq. M.,"The Wave (Almouj), Muscat",Apartment,https://www.bayut.om/en/property/details-130252087.html,4
1 Bedroom Apartment For Rent Muscat (The Wave (Almouj)),OMR600,1,1,82 Sq. M.,N/A,Apartment,https://www.bayut.om/en/property/details-130280638.html,4
"1 Bedroom Apartment For Rent Salalah, Dhofar",OMR50,1,1,53 Sq. M.,"Salalah, Dhofar",Apartment,https://www.bayut.om/en/property/details-109104649.html,4
"2 Bedroom Apartment For Rent in Al Khuwair, Muscat",OMR350,2,2,110 Sq. M.,"Al Khuwair, Muscat",Apartment,https://www.bayut.om/en/property/details-127446932.html,4
"3 Bedroom Apartment For Rent Ruwi, Muscat",OMR550,3,4,200 Sq. M.,"Ruwi, Muscat",Apartment,https://www.bayut.om/en/property/details-109127515.html,4
"4-Bedroom Villa For Rent in Al Mawaleh, Muscat","OMR1,200",4,5,220 Sq. M.,"Al Mawaleh, Muscat",Villa,https://www.bayut.om/en/property/details-130161900.html,4
"2 Bedrooms Apartment For Rent Ruwi, Muscat",OMR130,2,2,100 Sq. M.,"Ruwi, Muscat",Apartment,https://www.bayut.om/en/property/details-125421608.html,4
2 Bedrooms Apartment For Rent Al Ghubrah Muscat,OMR275,2,2,120 Sq. M.,"Al Ghubrah, Muscat",Apartment,https://www.bayut.om/en/property/details-130257382.html,4
"3 Bedroom Apartment For Rent in Qurum, Muscat",OMR220,3,3,165 Sq. M.,"Qurum, Muscat",Apartment,https://www.bayut.om/en/property/details-129985186.html,4
"4 Bedroom Villa For Rent in Madinat As Sultan Qaboos, Muscat",OMR800,4,4,500 Sq. M.,"Madinat As Sultan Qaboos, Muscat",Villa,https://www.bayut.om/en/property/details-130240229.html,4
2 Bedroom Apartment For Rent The Wave (Almouj) Muscat,"OMR1,150",2,3,113 Sq. M.,N/A,Apartment,https://www.bayut.om/en/property/details-130092294.html,4
"1 Bedroom Apartment For Rent Bosher, Muscat",OMR320,1,2,77 Sq. M.,"Bosher, Muscat",Apartment,https://www.bayut.om/en/property/details-130162822.html,4
"2 Bedroom Apartment For Rent in Al Wadi Al Kabir, Muscat",OMR325,2,2,110 Sq. M.,"Al Wadi Al Kabir, Muscat",Apartment,https://www.bayut.om/en/property/details-130197792.html,4
"2 Bedrooms Apartment For Rent Al Wadi Al Kabir, Muscat",OMR190,2,2,90 Sq. M.,"Al Wadi Al Kabir, Muscat",Apartment,https://www.bayut.om/en/property/details-106085486.html,4
"2 Bedrooms Apartment For Rent Al Khuwair, Muscat",OMR275,2,2,89 Sq. M.,"Al Khuwair, Muscat",Apartment,https://www.bayut.om/en/property/details-129930056.html,4
1 Bedroom Apartment For Rent Muscat (The Wave (Almouj)),"OMR1,350",1,2,140 Sq. M.,N/A,Apartment,https://www.bayut.om/en/property/details-130153372.html,4
1 Bedroom Apartment For Rent Muscat (The Wave (Almouj)),"OMR1,350",1,2,143 Sq. M.,N/A,Apartment,https://www.bayut.om/en/property/details-130153382.html,4
5 Bedrooms Villa For Rent Madinat As Sultan Qaboos Muscat,OMR900,5,6,400 Sq. M.,N/A,Villa,https://www.bayut.om/en/property/details-130224828.html,4
"4 Bedroom Villa For Rent Madinat As Sultan Qaboos, Muscat",OMR725,4,7,300 Sq. M.,N/A,Villa,https://www.bayut.om/en/property/details-130147348.html,4
"3 Bedroom Chalet For Rent in Bidiya, Al Sharqiya",OMR50,3,4,150 Sq. M.,"Bidiya, Al Sharqiya",Other,https://www.bayut.om/en/property/details-126665293.html,4
"5 Bedrooms Villa For Rent Al Hail, Muscat",OMR755,5,7,400 Sq. M.,"Al Hail, Muscat",Villa,https://www.bayut.om/en/property/details-129514986.html,4
Land For Rent Misfah Muscat,OMR420,N/A,N/A,420 Sq. M.,"Misfah, Muscat",Other,https://www.bayut.om/en/property/details-121042735.html,4
"9 Bedroom Villa For Rent in Madinat As Sultan Qaboos, Muscat","OMR1,899",9,9,846 Sq. M.,"Madinat As Sultan Qaboos, Muscat",Villa,https://www.bayut.om/en/property/details-130226978.html,4
"2 Bedroom Chalet For Rent in Al Amarat, Muscat",OMR50,2,2,800 Sq. M.,"Al Amarat, Muscat",Other,https://www.bayut.om/en/property/details-130150095.html,4
"2 Bedrooms Apartment For Rent Al Hail, Muscat",OMR390,2,2,100 Sq. M.,"Al Hail, Muscat",Apartment,https://www.bayut.om/en/property/details-128914733.html,5
"5 Bedrooms Villa For Rent Azaiba, Muscat","OMR1,000",5,6,10 Sq. M.,"Azaiba, Muscat",Villa,https://www.bayut.om/en/property/details-127828658.html,5
2 Bedroom Apartment For Rent Muscat (The Wave - Almouj),OMR900,2,3,119 Sq. M.,N/A,Apartment,https://www.bayut.om/en/property/details-130170620.html,5
2 Bedroom Apartment For Rent The Wave (Almouj) Muscat,OMR700,2,2,75 Sq. M.,N/A,Apartment,https://www.bayut.om/en/property/details-130232592.html,5
"5 Bedroom Villa For Rent Darsait, Muscat",OMR400,5,6,315 Sq. M.,"Darsait, Muscat",Villa,https://www.bayut.om/en/property/details-129672061.html,5
"3 Bedrooms Apartment For Rent Al Hail, Muscat",OMR300,3,4,240 Sq. M.,"Al Hail, Muscat",Apartment,https://www.bayut.om/en/property/details-130260227.html,5
"1 Bedroom Apartment For Rent in Al Khuwair, Muscat",OMR250,1,1,70 Sq. M.,"Al Khuwair, Muscat",Apartment,https://www.bayut.om/en/property/details-129979770.html,5
"1 Bedroom Apartment For Rent Al Khuwair, Muscat",OMR210,1,2,59 Sq. M.,"Al Khuwair, Muscat",Apartment,https://www.bayut.om/en/property/details-129930016.html,5
"3 Bedroom Apartment For Rent in Al Hail, Muscat",OMR600,3,3,300 Sq. M.,"Al Hail, Muscat",Apartment,https://www.bayut.om/en/property/details-130236653.html,5
"2 Bedrooms Apartment For Rent in Azaiba, Muscat",OMR350,2,2,100 Sq. M.,"Azaiba, Muscat",Apartment,https://www.bayut.om/en/property/details-130236688.html,5
"5 Bedrooms Villa For Rent in Qantab, Muscat","OMR1,750",5,6,350 Sq. M.,"Qantab, Muscat",Villa,https://www.bayut.om/en/property/details-130239109.html,5
"5 Bedroom Villa For Rent in Qantab, Muscat","OMR1,750",5,6,500 Sq. M.,"Qantab, Muscat",Villa,https://www.bayut.om/en/property/details-130259043.html,5
"2 Bedrooms Chalet For Rent Barka, Al Batinah",OMR65,2,5,"1,200 Sq. M.","Barka, Al Batinah",Other,https://www.bayut.om/en/property/details-130237237.html,5
1 Bedroom Apartment For Rent Al Ghubrah Muscat,OMR330,1,1,85 Sq. M.,"Al Ghubrah, Muscat",Apartment,https://www.bayut.om/en/property/details-130326411.html,5
"5 Bedroom Villa For Rent Azaiba, Muscat","OMR1,000",5,7,300 Sq. M.,"Azaiba, Muscat",Villa,https://www.bayut.om/en/property/details-130325709.html,5
"1 Bedroom Apartment For Rent Bosher, Muscat",OMR400,1,2,90 Sq. M.,"Bosher, Muscat",Apartment,https://www.bayut.om/en/property/details-130323427.html,5
"2 Bedrooms Apartment For Rent Ruwi, Muscat",OMR180,2,2,95 Sq. M.,"Ruwi, Muscat",Apartment,https://www.bayut.om/en/property/details-122943966.html,5
"1 Bedroom Apartment For Rent Al Khuwair, Muscat",OMR225,1,2,59 Sq. M.,"Al Khuwair, Muscat",Apartment,https://www.bayut.om/en/property/details-129935085.html,5
"2 Bedroom Villa For Rent in Saham, Al Batinah",OMR90,2,2,80 Sq. M.,"Saham, Al Batinah",Villa,https://www.bayut.om/en/property/details-130250436.html,5
"1 Bedroom Apartment For Rent Al Khuwair, Muscat",OMR350,1,2,77 Sq. M.,"Al Khuwair, Muscat",Apartment,https://www.bayut.om/en/property/details-130167049.html,5
2 Bedrooms Apartment For Rent Qurum Muscat,OMR350,2,1,300 Sq. M.,"Qurum, Muscat",Apartment,https://www.bayut.om/en/property/details-130231316.html,5
"5 Bedrooms Villa For Rent Al Mawaleh, Muscat",OMR600,5,6,300 Sq. M.,"Al Maabilah, Muscat",Villa,https://www.bayut.om/en/property/details-130322499.html,5
"3 Bedroom Apartment For Rent Al Mawaleh, Muscat",OMR950,3,3,210 Sq. M.,"Al Mawaleh, Muscat",Apartment,https://www.bayut.om/en/property/details-130161853.html,5
5 Bedroom Villa For Rent in Madinat As Sultan Qaboos Muscat,OMR700,5,6,370 Sq. M.,Madinat As Sultan Qaboos Muscat,Villa,https://www.bayut.om/en/property/details-130229416.html,5
"5 Bedrooms Villa For Rent in Barr Al Jissah, Muscat","OMR1,800",5,6,500 Sq. M.,"Barr Al Jissah, Muscat",Villa,https://www.bayut.om/en/property/details-130214839.html,6
"3 Bedroom Chalet For Rent in Barka, Al Batinah",OMR60,3,5,"1,500 Sq. M.","Barka, Al Batinah",Other,https://www.bayut.om/en/property/details-128459836.html,6
"5 Bedroom Villa For Rent in Madinat As Sultan Qaboos, Muscat",OMR799,5,6,349 Sq. M.,"Madinat As Sultan Qaboos, Muscat",Villa,https://www.bayut.om/en/property/details-130250495.html,6
"7 Bedrooms Villa For Rent Madinat As Sultan Qaboos, Muscat","OMR1,899",7,9,788 Sq. M.,N/A,Villa,https://www.bayut.om/en/property/details-130250499.html,6
"2 Bedroom Apartment For Rent in The Wave (Almouj), Muscat","OMR1,199",2,3,145 Sq. M.,"The Wave (Almouj), Muscat",Apartment,https://www.bayut.om/en/property/details-130250503.html,6
"5 Bedrooms Villa For Rent Qurum, Muscat",OMR799,5,5,435 Sq. M.,"Qurum, Muscat",Villa,https://www.bayut.om/en/property/details-130250504.html,6
5 Bedroom Villa For Rent Madinat As Sultan Qaboos Muscat,"OMR1,700",5,6,300 Sq. M.,N/A,Villa,https://www.bayut.om/en/property/details-130249170.html,6
3 Bedrooms Villa For Rent Madinat As Sultan Qaboos Muscat,OMR430,3,3,300 Sq. M.,N/A,Villa,https://www.bayut.om/en/property/details-130249207.html,6
"1 Bedroom Apartment For Rent Azaiba, Muscat",OMR160,1,1,188 Sq. M.,"Al Khuwair, Muscat",Apartment,https://www.bayut.om/en/property/details-130254565.html,6
"2 Bedrooms Apartment For Rent Bosher, Muscat",OMR300,2,2,90 Sq. M.,"Bosher, Muscat",Apartment,https://www.bayut.om/en/property/details-130251962.html,6
"2 Bedroom Apartment For Rent Barr Al Jissah, Muscat","OMR1,199",2,4,125 Sq. M.,N/A,Apartment,https://www.bayut.om/en/property/details-130252338.html,6
"2 Bedrooms Chalet For Rent in Al Amarat, Muscat",OMR50,2,2,600 Sq. M.,"Al Amarat, Muscat",Other,https://www.bayut.om/en/property/details-130149987.html,6
"1 Bedroom Apartment For Rent Taqah, Dhofar",OMR60,1,1,65 Sq. M.,"Taqah, Dhofar",Apartment,https://www.bayut.om/en/property/details-129242778.html,6
"2 Bedroom Chalet For Rent in Barka, Al Batinah",OMR50,2,3,140 Sq. M.,"Barka, Al Batinah",Other,https://www.bayut.om/en/property/details-130278092.html,6
"2 Bedrooms Apartment For Rent Al Maabilah, Muscat",OMR120,2,3,100 Sq. M.,"Al Maabilah, Muscat",Apartment,https://www.bayut.om/en/property/details-103889235.html,6
"6 Bedroom Villa For Rent Al Khuwair, Muscat","OMR1,100",6,6,615 Sq. M.,"Al Khuwair, Muscat",Villa,https://www.bayut.om/en/property/details-130162405.html,6
"2 Bedrooms Apartment For Rent Saham, Al Batinah",OMR110,2,2,125 Sq. M.,"Saham, Al Batinah",Apartment,https://www.bayut.om/en/property/details-130158168.html,6
"6 Bedroom Villa For Rent in Madinat As Sultan Qaboos, Muscat","OMR1,300",6,8,490 Sq. M.,"Madinat As Sultan Qaboos, Muscat",Villa,https://www.bayut.om/en/property/details-129982787.html,6
"3 Bedroom Apartment For Rent Ruwi, Muscat",OMR600,3,3,32 Sq. M.,"Ruwi, Muscat",Apartment,https://www.bayut.om/en/property/details-129995021.html,6
"2 Bedroom Apartment For Rent in Madinat As Sultan Qaboos, Muscat",OMR850,2,4,120 Sq. M.,"Madinat As Sultan Qaboos, Muscat",Apartment,https://www.bayut.om/en/property/details-129875451.html,6
"2 Bedrooms Apartment For Rent Al Wadi Al Kabir, Muscat",OMR200,2,3,125 Sq. M.,"Al Wadi Al Kabir, Muscat",Apartment,https://www.bayut.om/en/property/details-129985196.html,6
2 Bedroom Apartment For Rent Bosher Muscat,OMR280,2,2,100 Sq. M.,"Bosher, Muscat",Apartment,https://www.bayut.om/en/property/details-130260759.html,6
"1 Bedroom Apartment For Rent Al Wadi Al Kabir, Muscat",OMR140,1,1,70 Sq. M.,"Al Wadi Al Kabir, Muscat",Apartment,https://www.bayut.om/en/property/details-130237668.html,6
"2 Bedrooms Apartment For Rent in The Wave (Almouj), Muscat",OMR700,2,2,129 Sq. M.,"The Wave (Almouj), Muscat",Apartment,https://www.bayut.om/en/property/details-130249913.html,6
1 Bedroom Apartment For Rent Muscat (The Wave - Almouj),OMR700,1,2,10 Sq. M.,N/A,Apartment,https://www.bayut.om/en/property/details-130162672.html,7
"1 Bedroom Apartment For Rent in Muscat Hills, Muscat",OMR500,1,2,120 Sq. M.,"Muscat Hills, Muscat",Apartment,https://www.bayut.om/en/property/details-130252206.html,7
"1 Bedroom Apartment For Rent in Misfah, Muscat",OMR100,1,2,70 Sq. M.,"Misfah, Muscat",Apartment,https://www.bayut.om/en/property/details-130017250.html,7
2 Bedrooms Villa For Rent Muscat - Bosher,OMR900,2,3,132 Sq. M.,"Bosher, Muscat",Villa,https://www.bayut.om/en/property/details-130230808.html,7
"4 Bedrooms Villa For Rent Qurum, Muscat",OMR650,4,5,425 Sq. M.,"Qurum, Muscat",Villa,https://www.bayut.om/en/property/details-130149756.html,7
"5 Bedrooms Villa For Rent Bosher, Muscat",OMR600,5,5,400 Sq. M.,"Al Khoud, Muscat",Villa,https://www.bayut.om/en/property/details-130230336.html,7
2 Bedroom Apartment For Rent Muscat (The Wave (Almouj)),"OMR1,250",2,3,240 Sq. M.,N/A,Apartment,https://www.bayut.om/en/property/details-130167045.html,7
"2 Bedrooms Apartment For Rent Al Ghubrah, Muscat",OMR390,2,3,120 Sq. M.,"Al Ghubrah, Muscat",Apartment,https://www.bayut.om/en/property/details-129577579.html,7
Studio Apartment For Rent Al Hail - Muscat,OMR160,N/A,1,60 Sq. M.,"Al Hail, Muscat",Apartment,https://www.bayut.om/en/property/details-130236325.html,7
"1 Bedroom Apartment For Rent Al Khuwair, Muscat",OMR220,1,1,25 Sq. M.,"Al Khuwair, Muscat",Apartment,https://www.bayut.om/en/property/details-129977394.html,7
"4 Bedroom Villa For Rent in The Wave (Almouj), Muscat","OMR2,500",4,5,333 Sq. M.,"The Wave (Almouj), Muscat",Villa,https://www.bayut.om/en/property/details-129894555.html,7
"Residential Land For Rent - Misfah, Muscat",OMR900,N/A,N/A,"1,000 Sq. M.","Misfah, Muscat",Other,https://www.bayut.om/en/property/details-129892509.html,7
2 Bedrooms Apartment For Rent Darsait Muscat,OMR175,2,3,110 Sq. M.,"Al Amarat, Muscat",Apartment,https://www.bayut.om/en/property/details-129679780.html,7
"4 Bedrooms Villa For Rent Madinat As Sultan Qaboos, Muscat",OMR850,4,4,300 Sq. M.,N/A,Villa,https://www.bayut.om/en/property/details-130147385.html,7
"Land Residential For Rent Al Qabil, Al Sharqiya","OMR6,000",N/A,N/A,500 Sq. M.,"Al Qabil, Al Sharqiya",Other,https://www.bayut.om/en/property/details-500014888.html,7
2 Bedrooms Apartment For Rent Al Khuwair Muscat,OMR350,2,2,105 Sq. M.,"Al Khuwair, Muscat",Apartment,https://www.bayut.om/en/property/details-130329654.html,7
"5 Bedrooms Villa For Rent Al Amarat, Muscat",OMR343,5,6,600 Sq. M.,"Al Amarat, Muscat",Villa,https://www.bayut.om/en/property/details-130075131.html,7
"1 Bedroom Apartment For Rent Al Mawaleh, Muscat",OMR275,1,1,85 Sq. M.,"Al Mawaleh, Muscat",Apartment,https://www.bayut.om/en/property/details-130151394.html,7
"2 Bedrooms Apartment For Rent Al Khoud, Muscat",OMR240,2,3,115 Sq. M.,"Bosher, Muscat",Apartment,https://www.bayut.om/en/property/details-129032100.html,7
"3 Bedroom Apartment For Rent Bosher, Muscat",OMR200,3,2,115 Sq. M.,"Al Ghubrah, Muscat",Apartment,https://www.bayut.om/en/property/details-128505199.html,7
"1 Bedroom Apartment For Rent Al Mawaleh, Muscat",OMR500,1,N/A,67 Sq. M.,"Al Mawaleh, Muscat",Apartment,https://www.bayut.om/en/property/details-103003040.html,7
"4 Bedrooms Villa For Rent in Azaiba, Muscat",OMR800,4,6,300 Sq. M.,"Azaiba, Muscat",Villa,https://www.bayut.om/en/property/details-130244066.html,7
"5 Bedroom Villa For Rent in Qantab, Muscat","OMR1,749",5,6,545 Sq. M.,"Qantab, Muscat",Villa,https://www.bayut.om/en/property/details-130250485.html,7
"1 Bedroom Apartment For Rent Qurum, Muscat",OMR250,1,2,90 Sq. M.,"Qurum, Muscat",Apartment,https://www.bayut.om/en/property/details-130264455.html,7
"2 Bedrooms Apartment For Rent in Qurum, Muscat",OMR325,2,3,110 Sq. M.,"Qurum, Muscat",Apartment,https://www.bayut.om/en/property/details-130264462.html,8
"4 Bedrooms Villa For Rent in Bosher, Muscat",OMR650,4,4,300 Sq. M.,"Bosher, Muscat",Villa,https://www.bayut.om/en/property/details-130242274.html,8
5 Bedrooms Villa For Rent Qantab Muscat,"OMR1,400",5,8,475 Sq. M.,N/A,Villa,https://www.bayut.om/en/property/details-130239632.html,8
"1 Bedroom Apartment For Rent Qurum, Muscat","OMR1,300",1,2,80 Sq. M.,"Qurum, Muscat",Apartment,https://www.bayut.om/en/property/details-130259845.html,8
3 Bedrooms Apartment For Rent Muscat (The Wave (Almouj)),OMR850,3,2,115 Sq. M.,N/A,Apartment,https://www.bayut.om/en/property/details-130243656.html,8
4 Bedroom Villa For Rent The Wave (Almouj) Muscat,"OMR1,299",4,4,330 Sq. M.,N/A,Villa,https://www.bayut.om/en/property/details-130151847.html,8
"4 Bedroom Villa For Rent in Barr Al Jissah, Muscat","OMR1,750",4,N/A,770 Sq. M.,"Barr Al Jissah, Muscat",Villa,https://www.bayut.om/en/property/details-130152864.html,8
"4 Bedroom Villa For Rent Madinat As Sultan Qaboos, Muscat",OMR650,4,6,450 Sq. M.,N/A,Villa,https://www.bayut.om/en/property/details-130210859.html,8
"5 Bedrooms Villa For Rent Madinat As Sultan Qaboos, Muscat","OMR1,600",5,6,450 Sq. M.,N/A,Villa,https://www.bayut.om/en/property/details-129649670.html,8
"3 Bedrooms Villa For Rent Madinat As Sultan Qaboos, Muscat",OMR750,3,5,275 Sq. M.,N/A,Villa,https://www.bayut.om/en/property/details-130321921.html,8
"4 Bedroom Apartment For Rent in Bosher, Muscat",OMR950,4,5,280 Sq. M.,"Bosher, Muscat",Apartment,https://www.bayut.om/en/property/details-130303106.html,8
"3 Bedroom Apartment For Rent Madinat As Sultan Qaboos, Muscat",OMR850,3,5,275 Sq. M.,N/A,Apartment,https://www.bayut.om/en/property/details-130240606.html,8
4 Bedrooms Villa For Rent Muscat (The Wave (Almouj)),"OMR1,299",4,4,330 Sq. M.,N/A,Villa,https://www.bayut.om/en/property/details-130151849.html,8
"6 Bedroom Villa For Rent in Madinat As Sultan Qaboos, Muscat","OMR2,100",6,8,650 Sq. M.,"Madinat As Sultan Qaboos, Muscat",Villa,https://www.bayut.om/en/property/details-130151844.html,8
"3 Bedrooms Apartment For Rent Darsait, Muscat",OMR230,3,3,90 Sq. M.,"Darsait, Muscat",Apartment,https://www.bayut.om/en/property/details-129307672.html,8
"1 Bedroom Apartment For Rent Azaiba, Muscat",OMR175,1,1,20 Sq. M.,"Azaiba, Muscat",Apartment,https://www.bayut.om/en/property/details-105993265.html,8
"4 Bedrooms Villa For Rent Al Maabilah, Muscat",OMR380,4,5,290 Sq. M.,"Al Maabilah, Muscat",Villa,https://www.bayut.om/en/property/details-130219851.html,8
"3 Bedrooms Villa For Rent Madinat As Sultan Qaboos, Muscat",OMR600,3,3,159 Sq. M.,N/A,Villa,https://www.bayut.om/en/property/details-130242789.html,8
"1 Bedroom Apartment For Rent in The Wave (Almouj), Muscat","OMR1,350",1,2,140 Sq. M.,"The Wave (Almouj), Muscat",Apartment,https://www.bayut.om/en/property/details-130142927.html,8
"2 Bedroom Apartment For Rent in The Wave (Almouj), Muscat",OMR675,2,2,110 Sq. M.,"The Wave (Almouj), Muscat",Apartment,https://www.bayut.om/en/property/details-130238966.html,8
"5 Bedroom Apartment For Rent in Shinas, Al Batinah",OMR100,5,5,270 Sq. M.,"Shinas, Al Batinah",Apartment,https://www.bayut.om/en/property/details-130249022.html,8
"1 Bedroom Apartment For Rent Al Hail, Muscat",OMR325,1,1,64 Sq. M.,"Al Hail, Muscat",Apartment,https://www.bayut.om/en/property/details-130245361.html,8
"2 Bedroom Apartment For Rent Al Khoud, Muscat",OMR110,2,1,80 Sq. M.,"Al Khoud, Muscat",Apartment,https://www.bayut.om/en/property/details-130155858.html,8
"1 Bedroom Apartment For Rent in Muscat Hills, Muscat",OMR499,1,2,85 Sq. M.,"Muscat Hills, Muscat",Apartment,https://www.bayut.om/en/property/details-129226531.html,8
3 Bedrooms Apartment For Rent Muscat (The Wave (Almouj)),OMR950,3,3,200 Sq. M.,N/A,Apartment,https://www.bayut.om/en/property/details-129897319.html,9
"1 Bedroom Apartment For Rent Al Ghubrah, Muscat",OMR120,1,1,"5,000 Sq. M.","Al Ghubrah, Muscat",Apartment,https://www.bayut.om/en/property/details-110035441.html,9
"Residential Land For Rent in Misfah, Muscat",OMR350,N/A,N/A,400 Sq. M.,"Misfah, Muscat",Other,https://www.bayut.om/en/property/details-129912906.html,9
"2 Bedroom Apartment For Rent in Ansab, Muscat",OMR220,2,3,100 Sq. M.,"Ansab, Muscat",Apartment,https://www.bayut.om/en/property/details-105177811.html,9
"2 Bedroom Apartment For Rent in Salalah, Dhofar",OMR50,2,1,100 Sq. M.,"Salalah, Dhofar",Apartment,https://www.bayut.om/en/property/details-130329060.html,9
"2 Bedroom Apartment For Rent Al Mawaleh, Muscat",OMR230,2,2,190 Sq. M.,"Al Mawaleh, Muscat",Apartment,https://www.bayut.om/en/property/details-126752955.html,9
"1 Bedroom Apartment For Rent Azaiba, Muscat",OMR300,1,2,80 Sq. M.,"Azaiba, Muscat",Apartment,https://www.bayut.om/en/property/details-130225353.html,9
"3 Bedrooms Chalet For Rent Al Masn'a, Al Batinah",OMR70,3,5,"1,800 Sq. M.","Al Masn'a, Al Batinah",Other,https://www.bayut.om/en/property/details-129153109.html,9
"1 Bedroom Apartment For Rent in Muscat Hills, Muscat",OMR460,1,2,78 Sq. M.,"Muscat Hills, Muscat",Apartment,https://www.bayut.om/en/property/details-130036583.html,9
1 Bedroom Apartment For Rent Muscat - Al Wadi Al Kabir,OMR160,1,2,150 Sq. M.,"Al Wadi Al Kabir, Muscat",Apartment,https://www.bayut.om/en/property/details-130249978.html,9
"2 Bedrooms Apartment For Rent Al Ghubrah, Muscat",OMR120,2,2,"5,000 Sq. M.","Al Ghubrah, Muscat",Apartment,https://www.bayut.om/en/property/details-129635864.html,9
"2 Bedroom Apartment For Rent in The Wave (Almouj), Muscat","OMR1,200",2,3,146 Sq. M.,"The Wave (Almouj), Muscat",Apartment,https://www.bayut.om/en/property/details-130318793.html,9
1 Bedroom Apartment For Rent Al Khuwair Muscat,OMR250,1,1,120 Sq. M.,"Al Khuwair, Muscat",Apartment,https://www.bayut.om/en/property/details-130025172.html,9
"5 Bedrooms Villa For Rent Qurum, Muscat",OMR525,5,5,10 Sq. M.,"Qurum, Muscat",Villa,https://www.bayut.om/en/property/details-128736901.html,9
"2 Bedrooms Apartment For Rent Al Maabilah, Muscat",OMR185,2,3,122 Sq. M.,"Al Maabilah, Muscat",Apartment,https://www.bayut.om/en/property/details-130156745.html,9
"6 Bedroom Villa For Rent in Al Ghubrah, Muscat","OMR1,200",6,7,515 Sq. M.,"Al Ghubrah, Muscat",Villa,https://www.bayut.om/en/property/details-129912220.html,9
"3 Bedrooms Villa For Rent Al Khuwair, Muscat",OMR550,3,2,495 Sq. M.,"Al Khuwair, Muscat",Villa,https://www.bayut.om/en/property/details-130039995.html,9
"2 Bedrooms Apartment For Rent Barr Al Jissah, Muscat",OMR800,2,4,200 Sq. M.,"Barr Al Jissah, Muscat",Apartment,https://www.bayut.om/en/property/details-129989581.html,9
"3 Bedrooms Chalet For Rent in Barka, Al Batinah",OMR60,3,7,300 Sq. M.,"Barka, Al Batinah",Other,https://www.bayut.om/en/property/details-129075367.html,9
"3 Bedrooms Apartment For Rent Muscat Hills, Muscat",OMR850,3,3,200 Sq. M.,"Muscat Hills, Muscat",Apartment,https://www.bayut.om/en/property/details-130300419.html,9
"3 Bedrooms Villa For Rent Qurum, Muscat",OMR500,3,3,300 Sq. M.,"Qurum, Muscat",Villa,https://www.bayut.om/en/property/details-130300185.html,9
"3 Bedrooms Apartment For Rent Bosher, Muscat",OMR275,3,3,95 Sq. M.,"Bosher, Muscat",Apartment,https://www.bayut.om/en/property/details-127253612.html,9
3 Bedroom Villa For Rent Qurum Muscat,OMR500,3,5,300 Sq. M.,"Qurum, Muscat",Villa,https://www.bayut.om/en/property/details-130225181.html,9
"2 Bedrooms Chalet For Rent in Barka, Al Batinah",OMR50,2,6,"2,000 Sq. M.","Barka, Al Batinah",Other,https://www.bayut.om/en/property/details-130147017.html,9
2 Bedrooms Apartment For Rent Muscat - Other,OMR340,2,8,153 Sq. M.,"Muscat - Other, Muscat",Apartment,https://www.bayut.om/en/property/details-129186418.html,10
1 Bedroom Apartment For Rent Qurum Muscat,OMR150,1,1,120 Sq. M.,"Salalah, Dhofar",Apartment,https://www.bayut.om/en/property/details-130324452.html,10
"5 Bedroom Villa For Rent in Al Hail, Muscat",OMR500,5,5,600 Sq. M.,"Al Hail, Muscat",Villa,https://www.bayut.om/en/property/details-130129294.html,10
"3 Bedrooms Villa For Rent Bosher, Muscat","OMR1,250",3,4,162 Sq. M.,"Bosher, Muscat",Villa,https://www.bayut.om/en/property/details-130230864.html,10
"2 Bedroom Apartment For Rent in Al Maabilah, Muscat",OMR140,2,2,100 Sq. M.,"Al Maabilah, Muscat",Apartment,https://www.bayut.om/en/property/details-130221305.html,10
"2 Bedrooms Apartment For Rent Qurum, Muscat",OMR280,2,1,250 Sq. M.,"Qurum, Muscat",Apartment,https://www.bayut.om/en/property/details-130231258.html,10
"1 Bedroom Apartment For Rent Al Ghubrah, Muscat",OMR275,1,1,80 Sq. M.,"Al Ghubrah, Muscat",Apartment,https://www.bayut.om/en/property/details-130148412.html,10
"2 Bedrooms Apartment For Rent Al Sifah, Muscat",OMR50,2,2,120 Sq. M.,"Al Sifah, Muscat",Apartment,https://www.bayut.om/en/property/details-129671562.html,10
"2 Bedrooms Chalet For Rent in Al Sifah, Muscat",OMR50,2,2,250 Sq. M.,"Al Sifah, Muscat",Other,https://www.bayut.om/en/property/details-129360874.html,10
2 Bedroom Apartment For Rent Muscat (The Wave (Almouj)),OMR850,2,3,118 Sq. M.,N/A,Apartment,https://www.bayut.om/en/property/details-129407322.html,10
"5 Bedroom Villa For Rent in Qurum, Muscat",OMR600,5,5,350 Sq. M.,"Qurum, Muscat",Villa,https://www.bayut.om/en/property/details-129505480.html,10
1 Bedroom Villa For Rent in Al Hail Muscat,OMR280,1,2,100 Sq. M.,"Al Hail, Muscat",Villa,https://www.bayut.om/en/property/details-130224797.html,10
7 Bedroom Villa For Rent in The Wave (Almouj) Muscat,"OMR3,000",7,9,560 Sq. M.,The Wave (Almouj) Muscat,Villa,https://www.bayut.om/en/property/details-130147544.html,10
"1 Bedroom Apartment For Rent in Ghala, Muscat",OMR220,1,2,75 Sq. M.,"Ghala, Muscat",Apartment,https://www.bayut.om/en/property/details-130138704.html,10
"1 Bedroom Chalet For Rent in Barka, Al Batinah",OMR50,1,3,600 Sq. M.,"Barka, Al Batinah",Other,https://www.bayut.om/en/property/details-129283545.html,10
"5 Bedroom Villa For Rent in Al Khoud, Muscat",OMR500,5,6,450 Sq. M.,"Al Khoud, Muscat",Villa,https://www.bayut.om/en/property/details-130225114.html,10
"2 Bedrooms Apartment For Rent Qurum, Muscat",OMR400,2,2,120 Sq. M.,"Qurum, Muscat",Apartment,https://www.bayut.om/en/property/details-130141732.html,10
"3 Bedroom Chalet For Rent in Qurayyat, Muscat",OMR50,3,3,"2,000 Sq. M.","Qurayyat, Muscat",Other,https://www.bayut.om/en/property/details-130320906.html,10
3 Bedrooms Chalet For Rent Al Hail Muscat,OMR55,3,4,"4,000 Sq. M.","Al Hail, Muscat",Other,https://www.bayut.om/en/property/details-127634218.html,10
"1 Bedroom Apartment For Rent in Muscat Hills, Muscat",OMR425,1,2,75 Sq. M.,"Muscat Hills, Muscat",Apartment,https://www.bayut.om/en/property/details-130228000.html,10
"3 Bedrooms Apartment For Rent Madinat As Sultan Qaboos, Muscat",OMR850,3,4,200 Sq. M.,N/A,Apartment,https://www.bayut.om/en/property/details-130151125.html,10
"2 Bedroom Apartment For Rent in Azaiba, Muscat",OMR225,2,1,90 Sq. M.,"Al Khuwair, Muscat",Apartment,https://www.bayut.om/en/property/details-130144852.html,10
"2 Bedroom Apartment For Rent Al Hail, Muscat",OMR450,2,2,150 Sq. M.,"Al Hail, Muscat",Apartment,https://www.bayut.om/en/property/details-129948764.html,10
"3 Villa For Rent Qurum, Muscat","OMR1,200",3,5,385 Sq. M.,"Qurum, Muscat",Villa,https://www.bayut.om/en/property/details-129169261.html,10
2 Bedrooms Apartment For Rent Muscat Qurum,OMR250,2,2,95 Sq. M.,"Qurum, Muscat",Apartment,https://www.bayut.om/en/property/details-129749045.html,11
"9 Bedroom Villa For Rent in Bosher, Muscat",OMR850,9,6,670 Sq. M.,"Bosher, Muscat",Villa,https://www.bayut.om/en/property/details-128305200.html,11
3 Bedrooms Apartment For Rent Azaiba Muscat,OMR300,3,3,250 Sq. M.,"Azaiba, Muscat",Apartment,https://www.bayut.om/en/property/details-130210951.html,11
3 Bedroom Apartment For Rent Al Khuwair Muscat,OMR340,3,3,200 Sq. M.,"Al Khuwair, Muscat",Apartment,https://www.bayut.om/en/property/details-127184175.html,11
"2 Bedroom Chalet For Rent in Sumail, Al Dakhiliya",OMR50,2,3,600 Sq. M.,"Sumail, Al Dakhiliya",Other,https://www.bayut.om/en/property/details-128640612.html,11
"5 Bedroom Villa For Rent in The Wave (Almouj), Muscat","OMR1,800",5,6,400 Sq. M.,"The Wave (Almouj), Muscat",Villa,https://www.bayut.om/en/property/details-130319104.html,11
"5 Bedrooms Villa For Rent in Sumail, Al Dakhiliya",OMR500,5,6,316 Sq. M.,"Sumail, Al Dakhiliya",Villa,https://www.bayut.om/en/property/details-130139571.html,11
"2 Bedroom Apartment For Rent in Qurum, Muscat",OMR270,2,1,100 Sq. M.,"Al Khoud, Muscat",Apartment,https://www.bayut.om/en/property/details-128321575.html,11
"2 Bedroom Apartment For Rent Bosher, Muscat",OMR320,2,2,120 Sq. M.,"Bosher, Muscat",Apartment,https://www.bayut.om/en/property/details-128890723.html,11
"1 Bedroom Apartment For Rent Al Seeb, Muscat",OMR100,1,1,65 Sq. M.,"Al Seeb, Muscat",Apartment,https://www.bayut.om/en/property/details-129564701.html,11
8 Bedrooms Villa For Rent Madinat As Sultan Qaboos Muscat,"OMR2,500",8,9,500 Sq. M.,N/A,Villa,https://www.bayut.om/en/property/details-130141777.html,11
"3 Bedrooms Apartment For Rent Salalah, Dhofar",OMR55,3,3,150 Sq. M.,"Salalah, Dhofar",Apartment,https://www.bayut.om/en/property/details-130251402.html,11
"2 Bedrooms Apartment For Rent Barr Al Jissah, Muscat",OMR850,2,2,200 Sq. M.,"Barr Al Jissah, Muscat",Apartment,https://www.bayut.om/en/property/details-129743147.html,11
"3 Bedroom Apartment For Rent in Ruwi, Muscat",OMR255,3,3,120 Sq. M.,"Ruwi, Muscat",Apartment,https://www.bayut.om/en/property/details-129982255.html,11
"4 Bedrooms Villa For Rent in Qurum, Muscat","OMR1,200",4,5,650 Sq. M.,"Qurum, Muscat",Villa,https://www.bayut.om/en/property/details-129077357.html,11
4 Bedrooms Villa For Rent Al Amarat Muscat,OMR190,4,5,"15,000 Sq. M.","Al Amarat, Muscat",Villa,https://www.bayut.om/en/property/details-130222082.html,11
"5 Bedroom Villa For Rent in The Wave (Almouj), Muscat","OMR1,900",5,5,600 Sq. M.,"The Wave (Almouj), Muscat",Villa,https://www.bayut.om/en/property/details-130210874.html,11
1 Bedroom Apartment For Rent Muscat (The Wave (Almouj)),OMR700,1,2,95 Sq. M.,N/A,Apartment,https://www.bayut.om/en/property/details-130219449.html,11
1 Bedroom Apartment For Rent Al Khuwair Muscat,OMR195,1,1,95 Sq. M.,"Al Khuwair, Muscat",Apartment,https://www.bayut.om/en/property/details-122284601.html,11
"1 Bedroom Apartment For Rent in Sohar, Al Batinah",OMR150,1,1,35 Sq. M.,"Sohar, Al Batinah",Apartment,https://www.bayut.om/en/property/details-130235057.html,11
"2 Bedrooms Apartment For Rent Al Khuwair, Muscat",OMR275,2,2,111 Sq. M.,"Al Khuwair, Muscat",Apartment,https://www.bayut.om/en/property/details-130238202.html,11
"2 Bedroom Apartment For Rent Saham, Al Batinah",OMR135,2,1,"5,000 Sq. M.","Saham, Al Batinah",Apartment,https://www.bayut.om/en/property/details-130236550.html,11
"1 Bedroom Apartment For Rent in Taqah, Dhofar",OMR300,1,1,90 Sq. M.,"Taqah, Dhofar",Apartment,https://www.bayut.om/en/property/details-127273047.html,11
3 Bedrooms Apartment For Rent Al Hail Muscat,OMR450,3,3,300 Sq. M.,"Al Hail, Muscat",Apartment,https://www.bayut.om/en/property/details-121033390.html,11
"2 Bedroom Chalet For Rent Sur, Al Sharqiya",OMR50,2,3,151 Sq. M.,"Sur, Al Sharqiya",Other,https://www.bayut.om/en/property/details-130213817.html,12
4 Bedrooms Villa For Rent Madinat As Sultan Qaboos Muscat,OMR699,4,5,350 Sq. M.,N/A,Villa,https://www.bayut.om/en/property/details-130226969.html,12
"5 Bedroom Villa For Rent in Madinat As Sultan Qaboos, Muscat","OMR1,500",5,6,555 Sq. M.,"Madinat As Sultan Qaboos, Muscat",Villa,https://www.bayut.om/en/property/details-130038329.html,12
"2 Bedroom Chalet For Rent in Sohar, Al Batinah",OMR50,2,4,"2,000 Sq. M.","Sohar, Al Batinah",Other,https://www.bayut.om/en/property/details-129303879.html,12
"5 Bedrooms Villa For Rent Azaiba, Muscat",OMR550,5,6,300 Sq. M.,"Azaiba, Muscat",Villa,https://www.bayut.om/en/property/details-130129308.html,12
"2 Bedroom Apartment For Rent Qurum, Muscat",OMR380,2,2,96 Sq. M.,"Qurum, Muscat",Apartment,https://www.bayut.om/en/property/details-130240721.html,12
"2 Bedrooms Apartment For Rent in Qurum, Muscat",OMR425,2,2,120 Sq. M.,"Qurum, Muscat",Apartment,https://www.bayut.om/en/property/details-130228363.html,12
"3 Bedroom Apartment For Rent Al Maabilah, Muscat",OMR165,3,2,100 Sq. M.,"Al Maabilah, Muscat",Apartment,https://www.bayut.om/en/property/details-130088138.html,12
2 Bedroom Apartment For Rent Al Ghubrah Muscat,OMR275,2,2,100 Sq. M.,"Al Ghubrah, Muscat",Apartment,https://www.bayut.om/en/property/details-130221624.html,12
"1 Bedroom Apartment For Rent in Muscat Hills, Muscat",OMR475,1,2,78 Sq. M.,"Muscat Hills, Muscat",Apartment,https://www.bayut.om/en/property/details-129293369.html,12
"2 Bedroom Apartment For Rent Al Ghubrah, Muscat",OMR390,2,3,120 Sq. M.,"Al Ghubrah, Muscat",Apartment,https://www.bayut.om/en/property/details-129577615.html,12
"5 Bedrooms Villa For Rent in Azaiba, Muscat","OMR1,400",5,7,400 Sq. M.,"Azaiba, Muscat",Villa,https://www.bayut.om/en/property/details-130231641.html,12
"2 Bedroom Apartment For Rent in Ruwi, Muscat",OMR250,2,3,109 Sq. M.,"Ruwi, Muscat",Apartment,https://www.bayut.om/en/property/details-129772825.html,12
9 Bedrooms Villa For Rent Muscat - Madinat As Sultan Qaboos,"OMR2,500",9,12,595 Sq. M.,N/A,Villa,https://www.bayut.om/en/property/details-129600338.html,12
"4 Bedrooms Villa For Rent in Qurum, Muscat","OMR1,199",4,5,400 Sq. M.,"Qurum, Muscat",Villa,https://www.bayut.om/en/property/details-129320021.html,12
6 Bedroom Villa For Rent in The Wave (Almouj) Muscat,"OMR5,000",6,10,900 Sq. M.,The Wave (Almouj) Muscat,Villa,https://www.bayut.om/en/property/details-130215853.html,12
6 Bedroom Villa For Rent Azaiba Muscat,OMR900,6,7,400 Sq. M.,"Azaiba, Muscat",Villa,https://www.bayut.om/en/property/details-130307618.html,12
"1 Bedroom Apartment For Rent Muscat Hills, Muscat",OMR450,1,2,85 Sq. M.,"Muscat Hills, Muscat",Apartment,https://www.bayut.om/en/property/details-130009078.html,12
"3 Bedrooms Villa For Rent Bosher, Muscat",OMR700,3,4,300 Sq. M.,"Bosher, Muscat",Villa,https://www.bayut.om/en/property/details-129929940.html,12
"5 Bedroom Villa For Rent Al Khoud, Muscat","OMR2,000",5,6,"1,800 Sq. M.","Al Khoud, Muscat",Villa,https://www.bayut.om/en/property/details-130115632.html,13
2 Bedroom Apartment For Rent Muscat (The Wave (Almouj)),OMR700,2,2,130 Sq. M.,N/A,Apartment,https://www.bayut.om/en/property/details-130232845.html,13
"Residential Land For Rent in Barka, Al Batinah","OMR1,999",N/A,N/A,"5,000 Sq. M.","Barka, Al Batinah",Other,https://www.bayut.om/en/property/details-129030578.html,13
"2 Bedroom Apartment For Rent Ansab, Muscat",OMR220,2,3,145 Sq. M.,"Ansab, Muscat",Apartment,https://www.bayut.om/en/property/details-130147707.html,13
"3 Bedrooms Villa For Rent Qurum, Muscat","OMR1,200",3,5,300 Sq. M.,"Qurum, Muscat",Villa,https://www.bayut.om/en/property/details-129795451.html,13
"3 Bedroom Villa For Rent Bosher, Muscat","OMR1,250",3,4,250 Sq. M.,"Bosher, Muscat",Villa,https://www.bayut.om/en/property/details-128923271.html,13
"6 Bedroom Villa For Rent in Madinat As Sultan Qaboos, Muscat","OMR1,499",6,8,749 Sq. M.,"Madinat As Sultan Qaboos, Muscat",Villa,https://www.bayut.om/en/property/details-130043738.html,13
"3 Bedrooms Villa For Rent in Salalah, Dhofar",OMR80,3,3,200 Sq. M.,"Salalah, Dhofar",Villa,https://www.bayut.om/en/property/details-130314474.html,13
2 Bedroom Apartment For Rent Muscat (The Wave (Almouj)),"OMR1,150",2,3,109 Sq. M.,N/A,Apartment,https://www.bayut.om/en/property/details-129443647.html,13
4 Bedrooms Villa For Rent Muscat (The Wave (Almouj)),"OMR1,299",4,4,337 Sq. M.,N/A,Villa,https://www.bayut.om/en/property/details-130213903.html,13
"2 Bedroom Apartment For Rent Al Mawaleh, Muscat",OMR230,2,3,200 Sq. M.,"Al Mawaleh, Muscat",Apartment,https://www.bayut.om/en/property/details-128555488.html,13
"2 Bedroom Apartment For Rent in Qantab, Muscat",OMR850,2,2,200 Sq. M.,"Qantab, Muscat",Apartment,https://www.bayut.om/en/property/details-125324408.html,13
"4 Bedrooms Villa For Rent Qurum, Muscat",OMR555,4,5,300 Sq. M.,"Qurum, Muscat",Villa,https://www.bayut.om/en/property/details-130102596.html,13
"6 Bedroom Villa For Rent in Madinat As Sultan Qaboos, Muscat","OMR1,999",6,8,650 Sq. M.,"Madinat As Sultan Qaboos, Muscat",Villa,https://www.bayut.om/en/property/details-130117148.html,13
4 Bedrooms Villa For Rent Qurum Muscat,"OMR1,200",4,5,290 Sq. M.,"Qurum, Muscat",Villa,https://www.bayut.om/en/property/details-129387440.html,13
"10 Bedrooms Villa For Rent Azaiba, Muscat","OMR2,000",10,10,659 Sq. M.,"Azaiba, Muscat",Villa,https://www.bayut.om/en/property/details-130040727.html,13
3 Bedrooms Villa For Rent Bosher - Muscat,OMR850,3,4,159 Sq. M.,"Bosher, Muscat",Villa,https://www.bayut.om/en/property/details-130040833.html,13
"8-Bedroom Villa For Rent in Madinat As Sultan Qaboos, Muscat","OMR2,199",8,9,700 Sq. M.,"Madinat As Sultan Qaboos, Muscat",Villa,https://www.bayut.om/en/property/details-130207088.html,13
"3 Bedroom Apartment For Rent in Al Maabilah, Muscat",OMR170,3,3,133 Sq. M.,"Al Maabilah, Muscat",Apartment,https://www.bayut.om/en/property/details-130125468.html,13
"2 Bedroom Apartment For Rent Al Maabilah, Muscat",OMR115,2,1,90 Sq. M.,"Al Maabilah, Muscat",Apartment,https://www.bayut.om/en/property/details-110788418.html,13
"6 Bedroom Villa For Rent in Madinat As Sultan Qaboos, Muscat","OMR1,100",6,6,500 Sq. M.,"Madinat As Sultan Qaboos, Muscat",Villa,https://www.bayut.om/en/property/details-130223970.html,14
"2 Bedroom Apartment For Rent in Taqah, Dhofar",OMR450,2,2,120 Sq. M.,"Taqah, Dhofar",Apartment,https://www.bayut.om/en/property/details-129882243.html,14
"3 Bedrooms Apartment For Rent Al Khoud, Muscat",OMR600,3,5,300 Sq. M.,"Bosher, Muscat",Apartment,https://www.bayut.om/en/property/details-129037273.html,14
"5 Bedrooms Villa For Rent Qurum, Muscat","OMR1,599",5,5,465 Sq. M.,"Barr Al Jissah, Muscat",Villa,https://www.bayut.om/en/property/details-129652849.html,14
4 Bedrooms Villa For Rent Azaiba Muscat,OMR700,4,4,200 Sq. M.,"Azaiba, Muscat",Villa,https://www.bayut.om/en/property/details-130225685.html,14
"1 Bedroom Apartment For Rent in Misfah, Muscat",OMR135,1,1,56 Sq. M.,"Misfah, Muscat",Apartment,https://www.bayut.om/en/property/details-130312325.html,14
"5 Bedrooms Villa For Rent Bosher, Muscat",OMR550,5,6,300 Sq. M.,"Bosher, Muscat",Villa,https://www.bayut.om/en/property/details-130310041.html,14
"2 Bedrooms Apartment For Rent Ruwi, Muscat",OMR230,2,2,120 Sq. M.,"Ruwi, Muscat",Apartment,https://www.bayut.om/en/property/details-130149563.html,14
1 Bedroom Apartment For Rent Al Ghubrah Muscat,OMR130,1,1,20 Sq. M.,"Al Ghubrah, Muscat",Apartment,https://www.bayut.om/en/property/details-130310137.html,14
"1 Bedroom Apartment For Rent Darsait, Muscat",OMR135,1,1,65 Sq. M.,"Darsait, Muscat",Apartment,https://www.bayut.om/en/property/details-130244141.html,14
"2 Bedrooms Apartment For Rent Qurum, Muscat",OMR390,2,2,110 Sq. M.,"Qurum, Muscat",Apartment,https://www.bayut.om/en/property/details-130242153.html,14
"Residential Land For Rent in Barka, Al Batinah","OMR50,000",N/A,N/A,"40,761 Sq. M.","Barka, Al Batinah",Other,https://www.bayut.om/en/property/details-130073578.html,14
"Residential Land For Rent in Sohar, Al Batinah",OMR800,N/A,N/A,"3,300 Sq. M.","Sohar, Al Batinah",Other,https://www.bayut.om/en/property/details-130277706.html,14
"1 Bedroom Apartment For Rent Al Hamriyah, Muscat",OMR135,1,3,100 Sq. M.,"Al Hamriyah, Muscat",Apartment,https://www.bayut.om/en/property/details-125681627.html,14
2 Bedroom Apartment For Rent Azaiba Muscat,OMR540,2,2,150 Sq. M.,"Azaiba, Muscat",Apartment,https://www.bayut.om/en/property/details-111657134.html,14
"4 Bedroom Villa For Rent in Ibra, Al Sharqiya",OMR100,4,2,210 Sq. M.,"Ibra, Al Sharqiya",Villa,https://www.bayut.om/en/property/details-129312798.html,14
"3 Bedrooms Chalet For Rent in Barka, Al Batinah",OMR70,3,2,350 Sq. M.,"Barka, Al Batinah",Other,https://www.bayut.om/en/property/details-129564379.html,14
"2 Bedroom Apartment For Rent in Sohar, Al Batinah",OMR100,2,2,45 Sq. M.,"Sohar, Al Batinah",Apartment,https://www.bayut.om/en/property/details-130234901.html,14
"4 Bedrooms Chalet For Rent in Barka, Al Batinah",OMR60,4,8,"5,000 Sq. M.","Barka, Al Batinah",Other,https://www.bayut.om/en/property/details-120405872.html,14
2 Bedrooms Apartment For Rent Muscat (The Wave (Almouj)),"OMR1,150",2,3,139 Sq. M.,N/A,Apartment,https://www.bayut.om/en/property/details-130089133.html,14
1 Bedroom Apartment For Rent Muscat (The Wave (Almouj)),OMR650,1,2,65 Sq. M.,N/A,Apartment,https://www.bayut.om/en/property/details-130089147.html,14
"2 Bedrooms Apartment For Rent Al Amarat, Muscat",OMR80,2,2,120 Sq. M.,"Al Amarat, Muscat",Apartment,https://www.bayut.om/en/property/details-129237495.html,14
"2 Bedrooms Apartment For Rent Al Ghubrah, Muscat",OMR700,2,2,109 Sq. M.,"Al Ghubrah, Muscat",Apartment,https://www.bayut.om/en/property/details-129848832.html,14
"1 Bedroom Apartment For Rent in Ruwi, Muscat",OMR200,1,2,59 Sq. M.,"Ruwi, Muscat",Apartment,https://www.bayut.om/en/property/details-129772660.html,14
"4 Bedrooms Villa For Rent in Madinat As Sultan Qaboos, Muscat",OMR950,4,5,300 Sq. M.,"Madinat As Sultan Qaboos, Muscat",Villa,https://www.bayut.om/en/property/details-129580296.html,15
"3 Bedrooms Apartment For Rent Al Hail, Muscat",OMR300,3,2,100 Sq. M.,"Al Hail, Muscat",Apartment,https://www.bayut.om/en/property/details-130307214.html,15
"4 Bedrooms Villa For Rent Madinat As Sultan Qaboos, Muscat",OMR800,4,5,300 Sq. M.,N/A,Villa,https://www.bayut.om/en/property/details-130039708.html,15
"5 Bedrooms Villa For Rent Al Amarat, Muscat",OMR490,5,7,363 Sq. M.,"Al Amarat, Muscat",Villa,https://www.bayut.om/en/property/details-112021376.html,15
"1 Bedroom Chalet For Rent Al Mudaibi, Al Sharqiya",OMR50,1,3,600 Sq. M.,"Al Mudaibi, Al Sharqiya",Other,https://www.bayut.om/en/property/details-128949110.html,15
"2 Bedroom Villa For Rent Al Mawaleh, Muscat",OMR320,2,3,123 Sq. M.,"Al Mawaleh, Muscat",Villa,https://www.bayut.om/en/property/details-129834812.html,15
"2 Bedrooms Chalet For Rent in Al Mudaibi, Al Sharqiya",OMR50,2,2,600 Sq. M.,"Al Mudaibi, Al Sharqiya",Other,https://www.bayut.om/en/property/details-130062827.html,15
"2 Bedrooms Apartment For Rent Bosher, Muscat",OMR215,2,2,100 Sq. M.,"Bosher, Muscat",Apartment,https://www.bayut.om/en/property/details-129012824.html,15
"5 Bedroom Villa For Rent in Madinat As Sultan Qaboos, Muscat",OMR700,5,5,300 Sq. M.,"Madinat As Sultan Qaboos, Muscat",Villa,https://www.bayut.om/en/property/details-130305275.html,15
"2 Bedrooms Apartment For Rent Mahdhah, Al Buraimi",OMR85,2,1,120 Sq. M.,"Mahdhah, Al Buraimi",Apartment,https://www.bayut.om/en/property/details-130220935.html,15
"4 Bedroom Villa For Rent Bosher, Muscat",OMR750,4,6,500 Sq. M.,N/A,Villa,https://www.bayut.om/en/property/details-130304784.html,15
"3 Bedrooms Chalet For Rent in Salalah, Dhofar",OMR80,3,4,600 Sq. M.,"Salalah, Dhofar",Other,https://www.bayut.om/en/property/details-129411750.html,15
"1 Bedroom Apartment For Rent in Ruwi, Muscat",OMR100,1,1,60 Sq. M.,"Ruwi, Muscat",Apartment,https://www.bayut.om/en/property/details-130324030.html,15
"2 Bedrooms Apartment For Rent Al Ghubrah, Muscat",OMR250,2,2,109 Sq. M.,"Al Ghubrah, Muscat",Apartment,https://www.bayut.om/en/property/details-130307183.html,15
"2 Bedrooms Apartment For Rent in Salalah, Dhofar",OMR50,2,3,120 Sq. M.,"Salalah, Dhofar",Apartment,https://www.bayut.om/en/property/details-123154725.html,15
"2 Bedroom Apartment For Rent in Salalah, Dhofar",OMR50,2,3,110 Sq. M.,"Salalah, Dhofar",Apartment,https://www.bayut.om/en/property/details-123512385.html,15
"1 Bedroom Apartment For Rent in Al Khuwair, Muscat",OMR280,1,1,65 Sq. M.,"Al Khuwair, Muscat",Apartment,https://www.bayut.om/en/property/details-129987330.html,15
1 Bedroom Apartment For Rent Muscat (The Wave (Almouj)),OMR700,1,2,63 Sq. M.,N/A,Apartment,https://www.bayut.om/en/property/details-130091834.html,15
"5 Bedroom Villa For Rent in Ansab, Muscat",OMR500,5,6,459 Sq. M.,"Ansab, Muscat",Villa,https://www.bayut.om/en/property/details-130306951.html,15
"4 Bedroom Villa For Rent in Madinat As Sultan Qaboos, Muscat","OMR1,499",4,5,555 Sq. M.,"Madinat As Sultan Qaboos, Muscat",Villa,https://www.bayut.om/en/property/details-130213906.html,15
"1 Bedroom Chalet For Rent Al Mawaleh, Muscat",OMR50,1,1,250 Sq. M.,"Al Mawaleh, Muscat",Other,https://www.bayut.om/en/property/details-129959094.html,15
"2 Bedrooms Apartment For Rent Barr Al Jissah, Muscat",OMR800,2,2,200 Sq. M.,"Barr Al Jissah, Muscat",Apartment,https://www.bayut.om/en/property/details-129605519.html,15
4 Bedrooms Villa For Rent Al Seeb Muscat,OMR550,4,4,325 Sq. M.,"Al Seeb, Muscat",Villa,https://www.bayut.om/en/property/details-130011798.html,15
"2 Bedrooms Apartment For Rent Al Wadi Al Kabir, Muscat",OMR330,2,3,109 Sq. M.,"Al Wadi Al Kabir, Muscat",Apartment,https://www.bayut.om/en/property/details-129673472.html,15
3 Bedrooms Apartment For Rent Bosher - Muscat,OMR950,3,2,139 Sq. M.,"Bosher, Muscat",Apartment,https://www.bayut.om/en/property/details-129681384.html,16
"5 Bedrooms Villa For Rent Madinat As Sultan Qaboos, Muscat","OMR1,400",5,6,459 Sq. M.,N/A,Villa,https://www.bayut.om/en/property/details-129737941.html,16
"2 Bedrooms Apartment For Rent Al Khuwair, Muscat",OMR220,2,2,109 Sq. M.,"Al Khuwair, Muscat",Apartment,https://www.bayut.om/en/property/details-129676543.html,16
"4 Bedroom Villa For Rent in Bosher, Muscat",OMR850,4,5,244 Sq. M.,"Bosher, Muscat",Villa,https://www.bayut.om/en/property/details-129977648.html,16
"1 Bedroom Apartment For Rent Muscat Hills, Muscat",OMR390,1,2,77 Sq. M.,"Muscat Hills, Muscat",Apartment,https://www.bayut.om/en/property/details-130289706.html,16
"5 Bedrooms Villa For Rent Muscat Hills, Muscat","OMR1,250",5,6,425 Sq. M.,"Muscat Hills, Muscat",Villa,https://www.bayut.om/en/property/details-130306938.html,16
"4 Bedrooms Chalet For Rent Al Maabilah, Muscat",OMR80,4,9,"1,600 Sq. M.","Al Maabilah, Muscat",Other,https://www.bayut.om/en/property/details-128479128.html,16
"2 Bedrooms Apartment For Rent Qurum, Muscat",OMR350,2,3,130 Sq. M.,"Qurum, Muscat",Apartment,https://www.bayut.om/en/property/details-130322794.html,16
"8 Bedrooms Villa For Rent Azaiba, Muscat","OMR1,200",8,4,450 Sq. M.,"Azaiba, Muscat",Villa,https://www.bayut.om/en/property/details-129415503.html,16
"5 Bedrooms Villa For Rent in Madinat As Sultan Qaboos, Muscat","OMR1,199",5,7,450 Sq. M.,"Bosher, Muscat",Villa,https://www.bayut.om/en/property/details-130222277.html,16
"7 Bedrooms Villa For Rent in Al Mawaleh, Muscat",OMR800,7,8,500 Sq. M.,"Al Mawaleh, Muscat",Villa,https://www.bayut.om/en/property/details-130303597.html,16
"7 Bedroom Villa For Rent in Qurum, Muscat","OMR1,750",7,6,550 Sq. M.,"Qantab, Muscat",Villa,https://www.bayut.om/en/property/details-129984608.html,16
"6 Bedrooms Villa For Rent in Qurum, Muscat","OMR1,450",6,7,463 Sq. M.,"Qurum, Muscat",Villa,https://www.bayut.om/en/property/details-129980115.html,16
"3 Bedroom Villa For Rent Bosher, Muscat",OMR750,3,4,240 Sq. M.,"Bosher, Muscat",Villa,https://www.bayut.om/en/property/details-129977665.html,16
"8 Bedroom Villa For Rent in Madinat As Sultan Qaboos, Muscat","OMR1,999",8,9,750 Sq. M.,"Madinat As Sultan Qaboos, Muscat",Villa,https://www.bayut.om/en/property/details-130207951.html,16
3 Bedrooms Villa For Rent Muscat (The Wave (Almouj)),"OMR1,150",3,4,356 Sq. M.,N/A,Villa,https://www.bayut.om/en/property/details-130306519.html,16
"6 Bedroom Villa For Rent in Madinat As Sultan Qaboos, Muscat","OMR1,600",6,7,435 Sq. M.,"Madinat As Sultan Qaboos, Muscat",Villa,https://www.bayut.om/en/property/details-129203948.html,16
"6 Bedrooms Villa For Rent Madinat As Sultan Qaboos, Muscat","OMR1,300",6,8,430 Sq. M.,N/A,Villa,https://www.bayut.om/en/property/details-129909656.html,16
"1 Bedroom Apartment For Rent Azaiba, Muscat",OMR150,1,1,140 Sq. M.,"Azaiba, Muscat",Apartment,https://www.bayut.om/en/property/details-129735617.html,16
"1 Bedrooms Apartment For Rent Azaiba, Muscat",OMR250,1,1,80 Sq. M.,"Azaiba, Muscat",Apartment,https://www.bayut.om/en/property/details-130067542.html,16
"2 Bedrooms Chalet For Rent Sumail, Al Dakhiliya",OMR50,2,3,200 Sq. M.,"Sumail, Al Dakhiliya",Other,https://www.bayut.om/en/property/details-129918951.html,16
"3 Bedrooms Villa For Rent Qurum, Muscat","OMR1,200",3,5,300 Sq. M.,"Qurum, Muscat",Villa,https://www.bayut.om/en/property/details-129639805.html,16
"2 Bedroom Villa For Rent in Muscat Hills, Muscat",OMR600,2,2,172 Sq. M.,"Muscat Hills, Muscat",Villa,https://www.bayut.om/en/property/details-130009816.html,16
"2 Bedroom Apartment For Rent in Al Maabilah, Muscat",OMR200,2,3,100 Sq. M.,"Al Maabilah, Muscat",Apartment,https://www.bayut.om/en/property/details-128211364.html,16
"5 Bedrooms Villa For Rent Qurum, Muscat","OMR1,700",5,5,550 Sq. M.,"Qurum, Muscat",Villa,https://www.bayut.om/en/property/details-130306024.html,17
"2 Bedrooms Apartment For Rent Qurum, Muscat",OMR400,2,2,120 Sq. M.,"Qurum, Muscat",Apartment,https://www.bayut.om/en/property/details-130207406.html,17
"3 Bedroom Villa For Rent in Qurum, Muscat",OMR700,3,3,150 Sq. M.,"Qurum, Muscat",Villa,https://www.bayut.om/en/property/details-129850964.html,17
"2 Bedroom Apartment For Rent in Sohar, Al Batinah",OMR100,2,2,100 Sq. M.,"Sohar, Al Batinah",Apartment,https://www.bayut.om/en/property/details-129425737.html,17
"3 Bedrooms Apartment For Rent Ghala, Muscat",OMR350,3,4,180 Sq. M.,"Ghala, Muscat",Apartment,https://www.bayut.om/en/property/details-130303157.html,17
"3 Bedrooms Villa For Rent Al Maabilah, Muscat",OMR400,3,4,680 Sq. M.,"Al Maabilah, Muscat",Villa,https://www.bayut.om/en/property/details-127420092.html,17
"1 Bedroom Apartment For Rent Bosher, Muscat",OMR300,1,2,65 Sq. M.,"Bosher, Muscat",Apartment,https://www.bayut.om/en/property/details-130051470.html,17
"1 Bedroom Apartment For Rent in Bosher, Muscat",OMR300,1,2,63 Sq. M.,"Bosher, Muscat",Apartment,https://www.bayut.om/en/property/details-130051436.html,17
"3 Bedroom Apartment For Rent Al Khoud, Muscat",OMR200,3,3,100 Sq. M.,"Al Khoud, Muscat",Apartment,https://www.bayut.om/en/property/details-129742044.html,17
"5 Bedrooms Villa For Rent in Al Mawaleh, Muscat",OMR500,5,5,451 Sq. M.,"Al Mawaleh, Muscat",Villa,https://www.bayut.om/en/property/details-130037924.html,17
"7 Bedroom Villa For Rent in Madinat As Sultan Qaboos, Muscat","OMR1,499",7,8,650 Sq. M.,"Madinat As Sultan Qaboos, Muscat",Villa,https://www.bayut.om/en/property/details-129749255.html,17
"3 Bedrooms Apartment For Rent in Al Ghubrah, Muscat",OMR450,3,3,250 Sq. M.,"Al Ghubrah, Muscat",Apartment,https://www.bayut.om/en/property/details-127448599.html,17
"4 Bedrooms Villa For Rent Ruwi, Muscat",OMR350,4,4,170 Sq. M.,"Ruwi, Muscat",Villa,https://www.bayut.om/en/property/details-128805144.html,17
"3 Bedroom Apartment For Rent in Darsait, Muscat",OMR300,3,3,160 Sq. M.,"Darsait, Muscat",Apartment,https://www.bayut.om/en/property/details-129956832.html,17
"7 Bedroom Villa For Rent in Qurum, Muscat","OMR2,299",7,8,658 Sq. M.,"Qurum, Muscat",Villa,https://www.bayut.om/en/property/details-130299453.html,17
"5 Bedrooms Villa For Rent Qantab, Muscat","OMR1,699",5,6,456 Sq. M.,"Qantab, Muscat",Villa,https://www.bayut.om/en/property/details-130299469.html,17
"5 Bedroom Villa For Rent in Madinat As Sultan Qaboos, Muscat",OMR699,5,6,289 Sq. M.,"Madinat As Sultan Qaboos, Muscat",Villa,https://www.bayut.om/en/property/details-130299470.html,17
7 Bedroom Villa For Rent Madinat As Sultan Qaboos Muscat,"OMR1,899",7,9,590 Sq. M.,N/A,Villa,https://www.bayut.om/en/property/details-130299471.html,17
"1 Bedroom Apartment For Rent Al Khoud, Muscat",OMR230,1,2,90 Sq. M.,"Ghala, Muscat",Apartment,https://www.bayut.om/en/property/details-129974728.html,17
"4 Bedrooms Villa For Rent Bosher, Muscat",OMR850,4,5,275 Sq. M.,"Bosher, Muscat",Villa,https://www.bayut.om/en/property/details-129901597.html,17
"1 Bedroom Apartment For Rent Madinat As Sultan Qaboos, Muscat",OMR400,1,2,11 Sq. M.,N/A,Apartment,https://www.bayut.om/en/property/details-130051640.html,17
3 Bedroom Apartment For Rent Qurum Muscat,OMR500,3,3,200 Sq. M.,"Qurum, Muscat",Apartment,https://www.bayut.om/en/property/details-130305374.html,17
"2 Bedrooms Apartment For Rent Muscat Hills, Muscat",OMR380,2,3,150 Sq. M.,"Muscat Hills, Muscat",Apartment,https://www.bayut.om/en/property/details-130298534.html,17
5 Bedrooms Villa For Rent The Wave (Almouj) Muscat,"OMR1,800",5,5,10 Sq. M.,N/A,Villa,https://www.bayut.om/en/property/details-130229039.html,17
"2 Bedrooms Apartment For Rent Al Duqum, Al Wusta",OMR175,2,2,15 Sq. M.,"Al Duqum, Al Wusta",Apartment,https://www.bayut.om/en/property/details-130257649.html,18
"2 Bedrooms Apartment For Rent Al Ghubrah, Muscat",OMR220,2,2,100 Sq. M.,"Al Ghubrah, Muscat",Apartment,https://www.bayut.om/en/property/details-105501120.html,18
"2 Bedrooms Apartment For Rent Al Maabilah, Muscat",OMR140,2,2,88 Sq. M.,"Al Maabilah, Muscat",Apartment,https://www.bayut.om/en/property/details-130303303.html,18
3 Bedrooms Villa For Rent Madinat As Sultan Qaboos Muscat,OMR555,3,3,300 Sq. M.,N/A,Villa,https://www.bayut.om/en/property/details-130213797.html,18
4 Bedrooms Apartment For Rent in The Wave (Almouj) Muscat,"OMR1,200",4,4,145 Sq. M.,The Wave (Almouj) Muscat,Apartment,https://www.bayut.om/en/property/details-130304579.html,18
"5 Bedrooms Villa For Rent Qurum, Muscat","OMR1,250",5,6,410 Sq. M.,"Qurum, Muscat",Villa,https://www.bayut.om/en/property/details-129980121.html,18
"3 Bedroom Apartment For Rent Madinat As Sultan Qaboos, Muscat",OMR850,3,4,159 Sq. M.,N/A,Apartment,https://www.bayut.om/en/property/details-130191345.html,18
2 Bedroom Apartment For Rent Al Maabilah Muscat,OMR220,2,3,100 Sq. M.,"Al Maabilah, Muscat",Apartment,https://www.bayut.om/en/property/details-130056540.html,18
"5 Bedrooms Villa For Rent Madinat As Sultan Qaboos, Muscat","OMR2,000",5,7,550 Sq. M.,N/A,Villa,https://www.bayut.om/en/property/details-130306828.html,18
"4 Bedroom Apartment For Rent in The Wave (Almouj), Muscat","OMR1,199",4,4,168 Sq. M.,"The Wave (Almouj), Muscat",Apartment,https://www.bayut.om/en/property/details-130299457.html,18
"3 Bedroom Apartment For Rent in Al Maabilah, Muscat",OMR50,3,3,100 Sq. M.,"Al Maabilah, Muscat",Apartment,https://www.bayut.om/en/property/details-127619172.html,18
2 Bedrooms Apartment For Rent The Wave (Almouj) Muscat,OMR700,2,2,105 Sq. M.,N/A,Apartment,https://www.bayut.om/en/property/details-130010775.html,18
"2 Bedroom Apartment For Rent in Darsait, Muscat",OMR210,2,3,85 Sq. M.,"Darsait, Muscat",Apartment,https://www.bayut.om/en/property/details-130300026.html,18
5 Bedrooms Villa For Rent Madinat As Sultan Qaboos,"OMR1,349",5,6,678 Sq. M.,N/A,Villa,https://www.bayut.om/en/property/details-130043690.html,18
"Studio Apartment For Rent in Bosher, Muscat",OMR350,N/A,1,53 Sq. M.,"Bosher, Muscat",Apartment,https://www.bayut.om/en/property/details-130102733.html,18
"5 Bedroom Villa For Rent in Azaiba, Muscat",OMR630,5,5,350 Sq. M.,"Azaiba, Muscat",Villa,https://www.bayut.om/en/property/details-129436369.html,18
"2 Bedrooms Apartment For Rent Al Hail, Muscat",OMR140,2,2,90 Sq. M.,"Al Hail, Muscat",Apartment,https://www.bayut.om/en/property/details-127367448.html,18
"2 Bedrooms Apartment For Rent Azaiba, Muscat",OMR240,2,2,100 Sq. M.,"Azaiba, Muscat",Apartment,https://www.bayut.om/en/property/details-110325987.html,18
"2 Bedroom Apartment For Rent in Azaiba, Muscat",OMR350,2,3,120 Sq. M.,"Azaiba, Muscat",Apartment,https://www.bayut.om/en/property/details-129415977.html,18
"2 Bedroom Apartment For Rent in Salalah, Dhofar",OMR340,2,1,87 Sq. M.,"Salalah, Dhofar",Apartment,https://www.bayut.om/en/property/details-120014932.html,18
"1 Bedroom Apartment For Rent in Bosher, Muscat",OMR415,1,2,59 Sq. M.,"Bosher, Muscat",Apartment,https://www.bayut.om/en/property/details-130307151.html,18
2 Bedrooms Apartment For Rent Al Khuwair Muscat,OMR270,2,2,105 Sq. M.,"Al Khuwair, Muscat",Apartment,https://www.bayut.om/en/property/details-129948099.html,18
"2 Bedroom Apartment For Rent in Azaiba, Muscat",OMR360,2,2,109 Sq. M.,"Azaiba, Muscat",Apartment,https://www.bayut.om/en/property/details-130300809.html,18
"3 Bedroom Apartment For Rent in The Wave (Almouj), Muscat",OMR900,3,3,200 Sq. M.,"The Wave (Almouj), Muscat",Apartment,https://www.bayut.om/en/property/details-130300358.html,18
2 Bedroom Apartment For Rent Ghala Muscat,OMR400,2,4,120 Sq. M.,"Bosher, Muscat",Apartment,https://www.bayut.om/en/property/details-130300189.html,19
"4 Bedrooms Villa For Rent Al Ghubrah, Muscat",OMR600,4,4,300 Sq. M.,"Al Ghubrah, Muscat",Villa,https://www.bayut.om/en/property/details-130212508.html,19
"3 Bedrooms Apartment For Rent Al Khuwair, Muscat",OMR300,3,3,163 Sq. M.,"Al Khuwair, Muscat",Apartment,https://www.bayut.om/en/property/details-130090251.html,19
"2 BHK Apartment For Rent Ruwi, Muscat",OMR210,2,2,109 Sq. M.,"Ruwi, Muscat",Apartment,https://www.bayut.om/en/property/details-130090275.html,19
"2 Bedroom Apartment For Rent in Al Ghubrah, Muscat",OMR600,2,3,109 Sq. M.,"Al Ghubrah, Muscat",Apartment,https://www.bayut.om/en/property/details-130306955.html,19
"3 Bedrooms Apartment For Rent Qurum, Muscat",OMR500,3,3,109 Sq. M.,"Qurum, Muscat",Apartment,https://www.bayut.om/en/property/details-129673012.html,19
"2 Bedroom Apartment For Rent Al Khuwair, Muscat",OMR300,2,3,119 Sq. M.,"Al Khuwair, Muscat",Apartment,https://www.bayut.om/en/property/details-129676419.html,19
"2 Bedroom Villa For Rent in Salalah, Dhofar",OMR95,2,3,188 Sq. M.,"Salalah, Dhofar",Villa,https://www.bayut.om/en/property/details-130293358.html,19
2 Bedrooms Apartment For Rent Salalah Dhofar,OMR50,2,2,90 Sq. M.,"Salalah, Dhofar",Apartment,https://www.bayut.om/en/property/details-112144819.html,19
"4 Bedrooms Villa For Rent Al Ghubrah, Muscat",OMR850,4,3,309 Sq. M.,"Al Ghubrah, Muscat",Villa,https://www.bayut.om/en/property/details-130051589.html,19
"Residential Land For Rent in Al Maabilah, Muscat",OMR300,N/A,N/A,660 Sq. M.,"Al Maabilah, Muscat",Other,https://www.bayut.om/en/property/details-130000510.html,19
"1 Bedroom Apartment For Rent Mutrah, Muscat",OMR140,1,1,75 Sq. M.,"Mutrah, Muscat",Apartment,https://www.bayut.om/en/property/details-130212147.html,19
"2 Bedroom Apartment For Rent in Al Khuwair, Muscat",OMR300,2,2,125 Sq. M.,"Al Khuwair, Muscat",Apartment,https://www.bayut.om/en/property/details-130023828.html,19
"1 Bedroom Apartment For Rent Al Khuwair, Muscat",OMR280,1,1,70 Sq. M.,"Al Khuwair, Muscat",Apartment,https://www.bayut.om/en/property/details-129835376.html,19
"2 Bedroom Apartment For Rent in Al Ghubrah, Muscat",OMR200,2,2,100 Sq. M.,"Al Ghubrah, Muscat",Apartment,https://www.bayut.om/en/property/details-128306779.html,19
"2 Bedrooms Apartment For Rent Muscat Hills, Muscat",OMR550,2,3,115 Sq. M.,"Muscat Hills, Muscat",Apartment,https://www.bayut.om/en/property/details-130191952.html,19
2 Bedroom Apartment For Rent Muscat (The Wave (Almouj)),"OMR1,199",2,2,145 Sq. M.,N/A,Apartment,https://www.bayut.om/en/property/details-130299455.html,19
"3 Bedroom Apartment For Rent Qantab, Muscat",OMR150,3,3,110 Sq. M.,"Qantab, Muscat",Apartment,https://www.bayut.om/en/property/details-126488588.html,19
"2 Bedrooms Chalet For Rent Al Masn'a, Al Batinah",OMR60,2,4,"1,200 Sq. M.","Al Masn'a, Al Batinah",Other,https://www.bayut.om/en/property/details-128776940.html,19
"2 Bedrooms Apartment For Rent in Al Duqum, Al Wusta",OMR110,2,2,150 Sq. M.,"Al Duqum, Al Wusta",Apartment,https://www.bayut.om/en/property/details-130322308.html,19
"3 Bedrooms Apartment For Rent Al Amarat, Muscat",OMR160,3,4,170 Sq. M.,"Al Amarat, Muscat",Apartment,https://www.bayut.om/en/property/details-111188548.html,19
"2 Bedroom Apartment For Rent The Wave (Almouj), Muscat",OMR749,2,2,135 Sq. M.,N/A,Apartment,https://www.bayut.om/en/property/details-130299458.html,19
"1 Bedroom Apartment For Rent Al Ghubrah, Muscat",OMR130,1,1,25 Sq. M.,"Al Ghubrah, Muscat",Apartment,https://www.bayut.om/en/property/details-129840926.html,19
"7 Bedroom Villa For Rent in The Wave (Almouj), Muscat","OMR3,200",7,8,509 Sq. M.,"The Wave (Almouj), Muscat",Villa,https://www.bayut.om/en/property/details-129975339.html,19
"2 Bedrooms Apartment For Rent in Al Duqum, Al Wusta",OMR150,2,2,750 Sq. M.,"Al Duqum, Al Wusta",Apartment,https://www.bayut.om/en/property/details-128533263.html,20
"1 Bedroom Apartment For Rent in Azaiba, Muscat",OMR160,1,1,50 Sq. M.,"Al Khuwair, Muscat",Apartment,https://www.bayut.om/en/property/details-129984276.html,20
"3 Bedrooms Villa For Rent The Wave (Almouj), Muscat",OMR600,3,2,128 Sq. M.,N/A,Villa,https://www.bayut.om/en/property/details-129890971.html,20
"2 Bedroom Villa For Rent in Al Sifah, Muscat",OMR99,2,4,850 Sq. M.,"Al Sifah, Muscat",Villa,https://www.bayut.om/en/property/details-129247467.html,20
"6 Bedroom Villa For Rent in Azaiba, Muscat",OMR900,6,7,399 Sq. M.,"Azaiba, Muscat",Villa,https://www.bayut.om/en/property/details-129776678.html,20
"4 Bedrooms Villa For Rent Madinat As Sultan Qaboos, Muscat",OMR800,4,3,300 Sq. M.,N/A,Villa,https://www.bayut.om/en/property/details-130292988.html,20
4 bhk very beautiful villa for rent located al maabella,OMR475,2,4,400 Sq. M.,"Al Hail, Muscat",Other,https://www.bayut.om/en/property/details-128245181.html,20
fully furnished villa close to the beach located hail north,OMR750,4,6,350 Sq. M.,"Al Hail, Muscat",Other,https://www.bayut.om/en/property/details-128257505.html,20
"2 Bedrooms Apartment For Rent in Taqah, Dhofar",OMR50,2,2,80 Sq. M.,"Taqah, Dhofar",Apartment,https://www.bayut.om/en/property/details-127377218.html,20
1 Bedroom Apartment For Rent Al Khuwair Muscat,OMR130,1,1,40 Sq. M.,"Al Khuwair, Muscat",Apartment,https://www.bayut.om/en/property/details-128998102.html,20
"4 Bedrooms Villa For Rent in Azaiba, Muscat",OMR600,4,4,200 Sq. M.,"Azaiba, Muscat",Villa,https://www.bayut.om/en/property/details-130210131.html,20
"4 Bedrooms Apartment For Rent Al Khuwair, Muscat",OMR450,4,3,260 Sq. M.,"Al Khuwair, Muscat",Apartment,https://www.bayut.om/en/property/details-129877069.html,20
"2 Bedrooms Apartment For Rent Sur, Al Sharqiya",OMR230,2,2,400 Sq. M.,"Sur, Al Sharqiya",Apartment,https://www.bayut.om/en/property/details-129893052.html,20
"2 Bedrooms Apartment For Rent in Ghala, Muscat",OMR260,2,3,100 Sq. M.,"Ghala, Muscat",Apartment,https://www.bayut.om/en/property/details-122565500.html,20
"3 Bedroom Villa For Rent in Qurum, Muscat","OMR1,200",3,5,300 Sq. M.,"Qurum, Muscat",Villa,https://www.bayut.om/en/property/details-130015592.html,20
"1 Bedroom Apartment For Rent in Al Ghubrah, Muscat",OMR750,1,2,59 Sq. M.,"Al Ghubrah, Muscat",Apartment,https://www.bayut.om/en/property/details-130292299.html,20
1 Bedroom Apartment For Rent Muscat - Other,OMR395,1,2,69 Sq. M.,"Muscat - Other, Muscat",Apartment,https://www.bayut.om/en/property/details-125555676.html,20
Studio Apartment For Rent Al Khuwair Muscat,OMR230,N/A,1,70 Sq. M.,"Al Khuwair, Muscat",Apartment,https://www.bayut.om/en/property/details-110170903.html,20
"2 Bedrooms Apartment For Rent Al Ghubrah, Muscat",OMR350,2,2,120 Sq. M.,"Al Ghubrah, Muscat",Apartment,https://www.bayut.om/en/property/details-122534206.html,20
"1 Bedroom Apartment For Rent Al Ghubrah, Muscat",OMR300,1,2,100 Sq. M.,"Al Ghubrah, Muscat",Apartment,https://www.bayut.om/en/property/details-120080582.html,20
"1 Bedroom Apartment For Rent in Ruwi, Muscat",OMR150,1,2,100 Sq. M.,"Ruwi, Muscat",Apartment,https://www.bayut.om/en/property/details-128961480.html,20
1 Bedroom Apartment For Rent Salalah Dhofar,OMR55,1,1,84 Sq. M.,"Salalah, Dhofar",Apartment,https://www.bayut.om/en/property/details-130254208.html,20
1 Bedroom Apartment For Rent Muscat (The Wave (Almouj)),OMR540,1,1,87 Sq. M.,N/A,Apartment,https://www.bayut.om/en/property/details-129491059.html,20
"5 Bedrooms Villa For Rent in Madinat As Sultan Qaboos, Muscat","OMR1,599",5,7,454 Sq. M.,"Madinat As Sultan Qaboos, Muscat",Villa,https://www.bayut.om/en/property/details-129552383.html,20
"6 Bedroom Villa For Rent Qurum, Muscat","OMR1,200",6,8,10 Sq. M.,"Qurum, Muscat",Villa,https://www.bayut.om/en/property/details-130061501.html,21
"5 Bedroom Villa For Rent in Qantab, Muscat","OMR1,750",5,6,555 Sq. M.,"Qantab, Muscat",Villa,https://www.bayut.om/en/property/details-130289884.html,21
"Residential Land For Rent in Al Rusayl, Muscat","OMR48,000",N/A,N/A,650 Sq. M.,"Al Rusayl, Muscat",Other,https://www.bayut.om/en/property/details-130054347.html,21
"8 Bedroom Villa For Rent in Azaiba, Muscat","OMR2,500",8,9,700 Sq. M.,"Azaiba, Muscat",Villa,https://www.bayut.om/en/property/details-129415498.html,21
"3 Bedroom Apartment For Rent Madinat As Sultan Qaboos, Muscat",OMR850,3,3,135 Sq. M.,N/A,Apartment,https://www.bayut.om/en/property/details-130095331.html,21
"4 Bedrooms Villa For Rent Qurum, Muscat",OMR700,4,4,250 Sq. M.,"Qurum, Muscat",Villa,https://www.bayut.om/en/property/details-130290610.html,21
"5 Bedroom Villa For Rent in Qurum, Muscat","OMR1,700",5,6,459 Sq. M.,"Qurum, Muscat",Villa,https://www.bayut.om/en/property/details-129487964.html,21
"3 Bedroom Villa For Rent Qurum, Muscat","OMR1,200",3,4,250 Sq. M.,"Qurum, Muscat",Villa,https://www.bayut.om/en/property/details-129088577.html,21
"2 Bedrooms Apartment For Rent Al Khuwair, Muscat",OMR220,2,2,109 Sq. M.,"Al Khuwair, Muscat",Apartment,https://www.bayut.om/en/property/details-129913379.html,21
"1 Bedroom Apartment For Rent Bosher, Muscat",OMR550,1,2,59 Sq. M.,"Bosher, Muscat",Apartment,https://www.bayut.om/en/property/details-129829066.html,21
"2 Bedrooms Apartment For Rent Ghala, Muscat",OMR230,2,2,90 Sq. M.,"Ghala, Muscat",Apartment,https://www.bayut.om/en/property/details-111370416.html,21
"7 Bedroom Villa For Rent in Qurum, Muscat","OMR1,399",7,7,500 Sq. M.,"Qurum, Muscat",Villa,https://www.bayut.om/en/property/details-129578956.html,21
"3 Bedrooms Apartment For Rent Al Khuwair, Muscat",OMR250,3,2,110 Sq. M.,"Al Khuwair, Muscat",Apartment,https://www.bayut.om/en/property/details-128279066.html,21
3 Bedrooms Apartment For Rent Muscat - Darsait,OMR300,3,2,110 Sq. M.,"Darsait, Muscat",Apartment,https://www.bayut.om/en/property/details-129932171.html,21
"2 Bedrooms Apartment For Rent in Darsait, Muscat",OMR260,2,2,90 Sq. M.,"Darsait, Muscat",Apartment,https://www.bayut.om/en/property/details-129932194.html,21
"5 Bedrooms Villa For Rent in Azaiba, Muscat",OMR550,5,5,300 Sq. M.,"Azaiba, Muscat",Villa,https://www.bayut.om/en/property/details-130082340.html,21
"5 Bedrooms Villa For Rent in Qurum, Muscat",OMR550,5,5,300 Sq. M.,"Qurum, Muscat",Villa,https://www.bayut.om/en/property/details-130102469.html,21
2 Bedrooms Apartment For Rent Al Maabilah Muscat,OMR200,2,3,100 Sq. M.,"Al Maabilah, Muscat",Apartment,https://www.bayut.om/en/property/details-130203183.html,21
2 Bedrooms Apartment For Rent Ghala Muscat,OMR285,2,2,100 Sq. M.,"Ghala, Muscat",Apartment,https://www.bayut.om/en/property/details-128991158.html,21
"2 Bedrooms Apartment For Rent Barr Al Jissah, Muscat",OMR700,2,3,139 Sq. M.,"Barr Al Jissah, Muscat",Apartment,https://www.bayut.om/en/property/details-129912038.html,21
"3 Bedroom Apartment For Rent Al Khuwair, Muscat",OMR360,3,3,120 Sq. M.,"Al Khuwair, Muscat",Apartment,https://www.bayut.om/en/property/details-129376358.html,21
"1 Bedroom Apartment For Rent Al Khuwair, Muscat",OMR225,1,2,59 Sq. M.,"Al Khuwair, Muscat",Apartment,https://www.bayut.om/en/property/details-129652867.html,21
2 Bedrooms Apartment For Rent Ghala Muscat,OMR285,2,2,100 Sq. M.,"Ghala, Muscat",Apartment,https://www.bayut.om/en/property/details-128991158.html,22
"2 Bedrooms Apartment For Rent Barr Al Jissah, Muscat",OMR700,2,3,139 Sq. M.,"Barr Al Jissah, Muscat",Apartment,https://www.bayut.om/en/property/details-129912038.html,22
"3 Bedroom Apartment For Rent Al Khuwair, Muscat",OMR360,3,3,120 Sq. M.,"Al Khuwair, Muscat",Apartment,https://www.bayut.om/en/property/details-129376358.html,22
"1 Bedroom Apartment For Rent Al Khuwair, Muscat",OMR225,1,2,59 Sq. M.,"Al Khuwair, Muscat",Apartment,https://www.bayut.om/en/property/details-129652867.html,22
"3 Bedrooms Villa For Rent in Al Khuwair, Muscat",OMR700,3,4,159 Sq. M.,"Al Khuwair, Muscat",Villa,https://www.bayut.om/en/property/details-129980621.html,22
"2 Bedrooms Apartment For Rent Al Khuwair, Muscat",OMR350,2,2,109 Sq. M.,"Al Khuwair, Muscat",Apartment,https://www.bayut.om/en/property/details-129661550.html,22
"3 Bedroom Villa For Rent Bosher, Muscat","OMR1,250",3,4,159 Sq. M.,"Bosher, Muscat",Villa,https://www.bayut.om/en/property/details-130212766.html,22
"2 Bedrooms Apartment For Rent Al Khuwair, Muscat",OMR240,2,2,95 Sq. M.,"Al Khuwair, Muscat",Apartment,https://www.bayut.om/en/property/details-129717933.html,22
5 Bedroom Villa For Rent Al Seeb Muscat,OMR475,5,6,375 Sq. M.,"Al Seeb, Muscat",Villa,https://www.bayut.om/en/property/details-129932157.html,22
"1 Bedroom Chalet For Rent in Barka, Al Batinah",OMR75,1,1,350 Sq. M.,"Barka, Al Batinah",Other,https://www.bayut.om/en/property/details-129681786.html,22
"1 Bedroom Apartment For Rent Ghala, Muscat",OMR180,1,2,80 Sq. M.,"Ghala, Muscat",Apartment,https://www.bayut.om/en/property/details-130232793.html,22
"5 Bedroom Chalet For Rent in Salalah, Dhofar",OMR85,5,7,700 Sq. M.,"Salalah, Dhofar",Other,https://www.bayut.om/en/property/details-130307558.html,22
"2 Bedrooms Apartment For Rent Al Ghubrah, Muscat",OMR250,2,2,95 Sq. M.,"Al Ghubrah, Muscat",Apartment,https://www.bayut.om/en/property/details-129906675.html,22
"2 Bedrooms Apartment For Rent Al Maabilah, Muscat",OMR140,2,2,110 Sq. M.,"Al Maabilah, Muscat",Apartment,https://www.bayut.om/en/property/details-129841793.html,22
2 Bedrooms Apartment For Rent Muscat (The Wave (Almouj)),OMR700,2,2,150 Sq. M.,N/A,Apartment,https://www.bayut.om/en/property/details-130296325.html,22
"4 Bedrooms Villa For Rent in Madinat As Sultan Qaboos, Muscat",OMR650,4,4,250 Sq. M.,"Madinat As Sultan Qaboos, Muscat",Villa,https://www.bayut.om/en/property/details-130288069.html,22
1 Bedroom Apartment For Rent Al Wadi Al Kabir Muscat,OMR215,1,1,59 Sq. M.,"Al Wadi Al Kabir, Muscat",Apartment,https://www.bayut.om/en/property/details-129673391.html,22
2 Bedroom Apartment For Rent Ghala Muscat,OMR285,2,3,109 Sq. M.,"Ghala, Muscat",Apartment,https://www.bayut.om/en/property/details-129677699.html,22
"2 Bedrooms Apartment For Rent Al Ghubrah, Muscat",OMR350,2,2,159 Sq. M.,"Al Ghubrah, Muscat",Apartment,https://www.bayut.om/en/property/details-130306795.html,22
"3 Bedrooms Chalet For Rent in Barka, Al Batinah",OMR50,3,4,"1,000 Sq. M.","Barka, Al Batinah",Other,https://www.bayut.om/en/property/details-129305349.html,22
"2 Bedrooms Apartment For Rent Al Khuwair, Muscat",OMR250,2,2,110 Sq. M.,"Al Khuwair, Muscat",Apartment,https://www.bayut.om/en/property/details-130208543.html,22
"1 Bedroom Apartment For Rent Bosher, Muscat",OMR220,1,2,95 Sq. M.,"Bosher, Muscat",Apartment,https://www.bayut.om/en/property/details-129796423.html,22
"4 Bedroom Villa For Rent Qantab, Muscat","OMR1,300",4,5,500 Sq. M.,"Qantab, Muscat",Villa,https://www.bayut.om/en/property/details-130310111.html,22
"2 Bedrooms Apartment For Rent Al Khuwair, Muscat",OMR170,2,1,95 Sq. M.,"Al Khuwair, Muscat",Apartment,https://www.bayut.om/en/property/details-127819647.html,22
"4 Bedrooms Chalet For Rent in Qurayyat, Muscat",OMR50,4,4,"50,000 Sq. M.","Qurayyat, Muscat",Other,https://www.bayut.om/en/property/details-129932033.html,23
"1 Bedroom Apartment For Rent Al Khuwair, Muscat",OMR130,1,1,30 Sq. M.,"Al Khuwair, Muscat",Apartment,https://www.bayut.om/en/property/details-130240383.html,23
"6 Bedrooms Villa For Rent in Qurum, Muscat","OMR1,700",6,7,467 Sq. M.,"Qurum, Muscat",Villa,https://www.bayut.om/en/property/details-129749442.html,23
5bhk villa for rent near to old omantel located mwalleh 11,OMR510,5,6,350 Sq. M.,"Al Mawaleh, Muscat",Other,https://www.bayut.om/en/property/details-128257496.html,23
"3 Bedrooms Apartment For Rent Qurum, Muscat",OMR480,3,4,122 Sq. M.,"Qurum, Muscat",Apartment,https://www.bayut.om/en/property/details-130218434.html,23
"6 Bedrooms Villa For Rent Muscat, Madinat As Sultan Qaboos","OMR1,450",6,8,495 Sq. M.,N/A,Villa,https://www.bayut.om/en/property/details-129899671.html,23
"2 Bedrooms Apartment For Rent in Ruwi, Muscat",OMR280,2,3,109 Sq. M.,"Ruwi, Muscat",Apartment,https://www.bayut.om/en/property/details-129732806.html,23
5 Bedrooms Villa For Rent Al Khoud Muscat,OMR450,5,6,380 Sq. M.,"Al Khoud, Muscat",Villa,https://www.bayut.om/en/property/details-130294363.html,23
amazing villa facing the beach for rent in alhail north,OMR400,3,4,250 Sq. M.,"Al Hail, Muscat",Other,https://www.bayut.om/en/property/details-128245137.html,23
"2 Bedrooms Apartment For Rent Al Rustaq, Al Batinah",OMR100,2,2,170 Sq. M.,"Al Rustaq, Al Batinah",Apartment,https://www.bayut.om/en/property/details-128890934.html,23
"5 Bedroom Villa For Rent in Madinat As Sultan Qaboos, Muscat","OMR1,199",5,6,280 Sq. M.,"Madinat As Sultan Qaboos, Muscat",Villa,https://www.bayut.om/en/property/details-130293119.html,23
"1 Bedroom Apartment For Rent in Salalah, Dhofar",OMR50,1,1,70 Sq. M.,"Salalah, Dhofar",Apartment,https://www.bayut.om/en/property/details-106435984.html,23
4BHK very good villa for rent located alkhoud seven,OMR450,8,9,400 Sq. M.,"Al Khoud, Muscat",Other,https://www.bayut.om/en/property/details-128257346.html,23
2 Bedroom Apartment For Rent Muscat (The Wave (Almouj)),"OMR1,100",2,3,146 Sq. M.,N/A,Apartment,https://www.bayut.om/en/property/details-130289608.html,23
2 Bedrooms Apartment For Rent Ruwi Muscat,OMR125,2,2,100 Sq. M.,"Ruwi, Muscat",Apartment,https://www.bayut.om/en/property/details-106151386.html,23
5 Bedrooms Villa For Rent Barka Al Batinah,OMR370,5,6,300 Sq. M.,"Barka, Al Batinah",Villa,https://www.bayut.om/en/property/details-129171871.html,23
2 Bedroom Apartment For Rent Muscat (The Wave (Almouj)),OMR750,2,2,150 Sq. M.,N/A,Apartment,https://www.bayut.om/en/property/details-130289520.html,23
"4 Bedroom Villa For Rent in Bosher, Muscat",OMR850,4,5,280 Sq. M.,"Bosher, Muscat",Villa,https://www.bayut.om/en/property/details-129905831.html,23
"4 Bedroom Villa For Rent in Azaiba, Muscat",OMR650,4,5,300 Sq. M.,"Azaiba, Muscat",Villa,https://www.bayut.om/en/property/details-130284835.html,23
"3 Bedroom Villa For Rent Al Rusayl, Muscat",OMR95,3,4,300 Sq. M.,"Al Rusayl, Muscat",Villa,https://www.bayut.om/en/property/details-129792641.html,23
"2 Bedroom Apartment For Rent Muscat Hills, Muscat",OMR675,2,2,111 Sq. M.,"Muscat Hills, Muscat",Apartment,https://www.bayut.om/en/property/details-130293422.html,24
"2 Bedrooms Apartment For Rent Qurum, Muscat",OMR500,2,3,130 Sq. M.,"Qurum, Muscat",Apartment,https://www.bayut.om/en/property/details-128636848.html,24
"3 Bedroom Apartment For Rent in Madinat As Sultan Qaboos, Muscat",OMR800,3,3,125 Sq. M.,"Madinat As Sultan Qaboos, Muscat",Apartment,https://www.bayut.om/en/property/details-130285778.html,24
"2 Bedroom Apartment For Rent in Ruwi, Muscat",OMR200,2,2,89 Sq. M.,"Ruwi, Muscat",Apartment,https://www.bayut.om/en/property/details-130198304.html,24
1 Bedroom Apartment For Rent Al Mawaleh Muscat,OMR150,1,1,30 Sq. M.,"Al Mawaleh, Muscat",Apartment,https://www.bayut.om/en/property/details-130105118.html,24
"2 Bedroom Apartment For Rent in Azaiba, Muscat",OMR400,2,3,109 Sq. M.,"Azaiba, Muscat",Apartment,https://www.bayut.om/en/property/details-130292307.html,24
"1 Bedroom Apartment For Rent Nizwa, Al Dakhiliya",OMR160,1,1,70 Sq. M.,"Nizwa, Al Dakhiliya",Apartment,https://www.bayut.om/en/property/details-130088102.html,24
"7 Bedrooms Villa For Rent Madinat As Sultan Qaboos, Muscat","OMR1,899",7,9,598 Sq. M.,N/A,Villa,https://www.bayut.om/en/property/details-130288930.html,24
2 Bedroom Apartment For Rent Al Khuwair Muscat,OMR140,2,1,140 Sq. M.,"Salalah, Dhofar",Apartment,https://www.bayut.om/en/property/details-130304487.html,24
"3 Bedrooms Apartment For Rent Al Khuwair, Muscat",OMR325,3,2,150 Sq. M.,"Al Khuwair, Muscat",Apartment,https://www.bayut.om/en/property/details-130293645.html,24
"2 Bedrooms Villa For Rent Al Wadi Al Kabir, Muscat",OMR100,2,1,"1,100 Sq. M.","Al Wadi Al Kabir, Muscat",Villa,https://www.bayut.om/en/property/details-130236218.html,24
"2 Bedroom Apartment For Rent Muscat Hills, Muscat",OMR550,2,2,80 Sq. M.,"Muscat Hills, Muscat",Apartment,https://www.bayut.om/en/property/details-128631687.html,24
"5 Bedroom Villa For Rent Al Khuwair, Muscat",OMR650,5,5,400 Sq. M.,"Al Khuwair, Muscat",Villa,https://www.bayut.om/en/property/details-130094724.html,24
6 Bedrooms Villa For Rent in Madinat As Sultan Qaboos - Muscat,"OMR1,700",6,8,475 Sq. M.,Madinat As Sultan Qaboos - Muscat,Villa,https://www.bayut.om/en/property/details-130180400.html,24
"2 Bedrooms Apartment For Rent Bosher, Muscat",OMR230,2,2,120 Sq. M.,"Bosher, Muscat",Apartment,https://www.bayut.om/en/property/details-129397957.html,24
"6 Bedrooms Villa For Rent Al Hail, Muscat",OMR480,6,7,350 Sq. M.,"Al Khoud, Muscat",Villa,https://www.bayut.om/en/property/details-127738453.html,24
"4 Bedroom Villa For Rent Al Seeb, Muscat",OMR520,4,5,300 Sq. M.,"Al Seeb, Muscat",Villa,https://www.bayut.om/en/property/details-127738462.html,24
"4 Bedroom Villa For Rent Bosher, Muscat",OMR500,4,5,300 Sq. M.,"Bosher, Muscat",Villa,https://www.bayut.om/en/property/details-130263410.html,24
4 Bedrooms Villa For Rent Bosher - Muscat,OMR700,4,5,310 Sq. M.,"Bosher, Muscat",Villa,https://www.bayut.om/en/property/details-130015470.html,24
"2 Bedrooms Apartment For Rent Muscat Hills, Muscat",OMR550,2,3,120 Sq. M.,"Muscat Hills, Muscat",Apartment,https://www.bayut.om/en/property/details-130262007.html,24
"3 Bedrooms Apartment For Rent Azaiba, Muscat",OMR400,3,1,80 Sq. M.,"Azaiba, Muscat",Apartment,https://www.bayut.om/en/property/details-130014923.html,24
4 Bedrooms Villa For Rent Madinat As Sultan Qaboos Muscat,"OMR1,300",4,6,10 Sq. M.,N/A,Villa,https://www.bayut.om/en/property/details-129996625.html,24
5 Bedroom Villa For Rent Al Khuwair Muscat,OMR700,5,6,10 Sq. M.,"Al Khuwair, Muscat",Villa,https://www.bayut.om/en/property/details-130089731.html,24
"4 Bedrooms Villa For Rent Qurum, Muscat",OMR500,4,4,10 Sq. M.,"Qurum, Muscat",Villa,https://www.bayut.om/en/property/details-129869090.html,24
7 Bedroom Villa For Rent Qurum - Muscat,"OMR1,000",7,8,10 Sq. M.,"Qurum, Muscat",Villa,https://www.bayut.om/en/property/details-130114870.html,25
1 Bedroom Apartment For Rent Muscat (The Wave (Almouj)),OMR600,1,2,10 Sq. M.,N/A,Apartment,https://www.bayut.om/en/property/details-130231225.html,25
"1 Bedroom Apartment For Rent Al Khuwair, Muscat",OMR250,1,1,65 Sq. M.,"Al Khuwair, Muscat",Apartment,https://www.bayut.om/en/property/details-129774799.html,25
"1 Bedroom Apartment For Rent in Al Khuwair, Muscat",OMR280,1,1,70 Sq. M.,"Al Khuwair, Muscat",Apartment,https://www.bayut.om/en/property/details-129758933.html,25
"4 Bedrooms Villa For Rent in Madinat As Sultan Qaboos, Muscat",OMR850,4,5,300 Sq. M.,"Madinat As Sultan Qaboos, Muscat",Villa,https://www.bayut.om/en/property/details-130031181.html,25
"2 Bedroom Apartment For Rent in Al Maabilah, Muscat",OMR280,2,2,100 Sq. M.,"Al Maabilah, Muscat",Apartment,https://www.bayut.om/en/property/details-129256629.html,25
"3 Bedrooms Villa For Rent Al Masn'a, Al Batinah",OMR140,3,3,130 Sq. M.,"Al Masn'a, Al Batinah",Villa,https://www.bayut.om/en/property/details-130283128.html,25
"2 Bedrooms Apartment For Rent Ghala, Muscat",OMR325,2,3,115 Sq. M.,"Bosher, Muscat",Apartment,https://www.bayut.om/en/property/details-129593859.html,25
"3 Bedrooms Apartment For Rent Al Khoud, Muscat",OMR240,3,3,30 Sq. M.,"Al Khoud, Muscat",Apartment,https://www.bayut.om/en/property/details-129774414.html,25
"2 Bedroom Apartment For Rent in Al Ghubrah, Muscat",OMR250,2,2,100 Sq. M.,"Al Ghubrah, Muscat",Apartment,https://www.bayut.om/en/property/details-128878119.html,25
"2 Bedrooms Apartment For Rent Al Rustaq, Al Batinah",OMR120,2,2,90 Sq. M.,"Al Rustaq, Al Batinah",Apartment,https://www.bayut.om/en/property/details-129969984.html,25
"1 Bedroom Apartment For Rent in Al Maabilah, Muscat",OMR75,1,1,48 Sq. M.,"Al Maabilah, Muscat",Apartment,https://www.bayut.om/en/property/details-129206649.html,25
"2 Bedrooms Apartment For Rent in Bosher, Muscat",OMR270,2,2,100 Sq. M.,"Bosher, Muscat",Apartment,https://www.bayut.om/en/property/details-130284996.html,25
2 Bedrooms Apartment For Rent Muscat (The Wave (Almouj)),"OMR1,700",2,3,184 Sq. M.,N/A,Apartment,https://www.bayut.om/en/property/details-130284855.html,25
"3 Bedrooms Apartment For Rent Ghala, Muscat",OMR300,3,3,120 Sq. M.,"Ghala, Muscat",Apartment,https://www.bayut.om/en/property/details-122537995.html,25
"2 Bedroom Apartment For Rent - The Wave (Almouj), Muscat",OMR800,2,2,125 Sq. M.,N/A,Apartment,https://www.bayut.om/en/property/details-130188340.html,25
"2 Bedrooms Apartment For Rent Azaiba, Muscat",OMR390,2,3,400 Sq. M.,"Azaiba, Muscat",Apartment,https://www.bayut.om/en/property/details-129604830.html,25
"3 Bedroom Villa For Rent Qurum, Muscat",OMR550,3,3,300 Sq. M.,"Qurum, Muscat",Villa,https://www.bayut.om/en/property/details-128637690.html,25
"2 Bedroom Apartment For Rent in Madinat As Sultan Qaboos, Muscat",OMR650,2,3,130 Sq. M.,"Madinat As Sultan Qaboos, Muscat",Apartment,https://www.bayut.om/en/property/details-129273954.html,25
"5 Bedroom Villa For Rent in Madinat As Sultan Qaboos, Muscat","OMR1,800",5,6,400 Sq. M.,"Madinat As Sultan Qaboos, Muscat",Villa,https://www.bayut.om/en/property/details-130120253.html,25
"6 Bedroom Villa For Rent in Madinat As Sultan Qaboos, Muscat",OMR700,6,5,"2,000 Sq. M.","Al Hail, Muscat",Villa,https://www.bayut.om/en/property/details-130198077.html,25
2 Bedrooms Apartment For Rent Sohar,OMR150,2,1,50 Sq. M.,"Sohar, Al Batinah",Apartment,https://www.bayut.om/en/property/details-128731516.html,25
"5 Bedroom Villa For Rent Qurum, Muscat","OMR1,200",5,6,450 Sq. M.,"Qurum, Muscat",Villa,https://www.bayut.om/en/property/details-129558480.html,25
"4 Bedrooms Villa For Rent Qurum, Muscat","OMR1,800",4,5,400 Sq. M.,"Qurum, Muscat",Villa,https://www.bayut.om/en/property/details-129875443.html,25
"5 Bedroom Villa For Rent Qurum, Muscat","OMR1,200",5,6,450 Sq. M.,"Qurum, Muscat",Villa,https://www.bayut.om/en/property/details-129558480.html,26
"4 Bedrooms Villa For Rent Qurum, Muscat","OMR1,800",4,5,400 Sq. M.,"Qurum, Muscat",Villa,https://www.bayut.om/en/property/details-129875443.html,26
"2 Bedrooms Apartment For Rent Al Maabilah, Muscat",OMR50,2,3,120 Sq. M.,"Al Maabilah, Muscat",Apartment,https://www.bayut.om/en/property/details-129620843.html,26
"4 Bedroom Villa For Rent in Madinat As Sultan Qaboos, Muscat","OMR1,300",4,6,550 Sq. M.,"Madinat As Sultan Qaboos, Muscat",Villa,https://www.bayut.om/en/property/details-129772031.html,26
"2 Bedroom Chalet For Rent in Barka, Al Batinah",OMR60,2,6,"1,270 Sq. M.","Barka, Al Batinah",Other,https://www.bayut.om/en/property/details-112051589.html,26
"5 Bedroom Villa For Rent in Madinat As Sultan Qaboos, Muscat","OMR1,450",5,6,300 Sq. M.,"Madinat As Sultan Qaboos, Muscat",Villa,https://www.bayut.om/en/property/details-129647055.html,26
"3 Bedroom Villa For Rent in Bosher, Muscat",OMR850,3,4,300 Sq. M.,"Bosher, Muscat",Villa,https://www.bayut.om/en/property/details-129795647.html,26
"3 Bedrooms Apartment For Rent Ruwi, Muscat",OMR350,3,3,125 Sq. M.,"Ruwi, Muscat",Apartment,https://www.bayut.om/en/property/details-130183980.html,26
"2 Bedrooms Apartment For Rent Ruwi, Muscat",OMR185,2,2,90 Sq. M.,"Ruwi, Muscat",Apartment,https://www.bayut.om/en/property/details-130183187.html,26
"3 Bedroom Apartment For Rent Barr Al Jissah, Muscat","OMR1,600",3,4,250 Sq. M.,"Barr Al Jissah, Muscat",Apartment,https://www.bayut.om/en/property/details-128937265.html,26
"6 Bedroom Villa For Rent in Madinat As Sultan Qaboos, Muscat",OMR700,6,5,300 Sq. M.,"Madinat As Sultan Qaboos, Muscat",Villa,https://www.bayut.om/en/property/details-129917326.html,26
5 Bedrooms Villa For Rent Salalah,OMR80,5,7,400 Sq. M.,"Salalah, Dhofar",Villa,https://www.bayut.om/en/property/details-130279988.html,26
4 Bedroom Apartment For Rent in The Wave (Almouj) Muscat,"OMR1,199",4,4,186 Sq. M.,The Wave (Almouj) Muscat,Apartment,https://www.bayut.om/en/property/details-130279990.html,26
7 Bedroom Villa For Rent in Qurum Muscat,"OMR2,399",7,8,425 Sq. M.,"Qurum, Muscat",Villa,https://www.bayut.om/en/property/details-130280309.html,26
"2 Bedrooms Apartment For Rent Bosher, Muscat",OMR200,2,2,120 Sq. M.,"Al Ghubrah, Muscat",Apartment,https://www.bayut.om/en/property/details-127988727.html,26
"1 Bedroom Apartment For Rent Muscat Hills, Muscat",OMR480,1,1,450 Sq. M.,"Muscat Hills, Muscat",Apartment,https://www.bayut.om/en/property/details-130000407.html,26
"1 Bedroom Apartment For Rent Al Khoud, Muscat",OMR220,1,2,100 Sq. M.,"Al Khoud, Muscat",Apartment,https://www.bayut.om/en/property/details-129957999.html,26
"2 Bedrooms Apartment For Rent Qurum, Muscat",OMR400,2,2,120 Sq. M.,"Qurum, Muscat",Apartment,https://www.bayut.om/en/property/details-130057425.html,26
4 Bedrooms Villa For Rent Muscat (Madinat As Sultan Qaboos),OMR950,4,5,295 Sq. M.,N/A,Villa,https://www.bayut.om/en/property/details-129975386.html,26
2 Bedrooms Apartment For Rent Al Khuwair Muscat,OMR210,2,2,100 Sq. M.,"Al Khuwair, Muscat",Apartment,https://www.bayut.om/en/property/details-128893722.html,26
"2 Bedroom Apartment For Rent in Bosher, Muscat",OMR200,2,2,100 Sq. M.,"Bosher, Muscat",Apartment,https://www.bayut.om/en/property/details-128706646.html,26
"2 Bedrooms Apartment For Rent The Wave (Almouj), Muscat",OMR675,2,2,116 Sq. M.,N/A,Apartment,https://www.bayut.om/en/property/details-129894421.html,26
5 Bedrooms Villa For Rent Muscat (The Wave (Almouj)),"OMR1,750",5,6,462 Sq. M.,N/A,Villa,https://www.bayut.om/en/property/details-130035332.html,26
"4 Bedroom Villa For Rent Qurum, Muscat","OMR2,000",4,5,448 Sq. M.,"Qurum, Muscat",Villa,https://www.bayut.om/en/property/details-129501297.html,26
